F1v,N1,N2,N3,LSC,T1,T2,T3,T4,C1,C2,L1,L2,L3,N4,density,clustering_coefficient,hubs,att_value,att,dataset
0.0014684699156079584,0.6231884057971014,0.48600787827884134,0.43961352657004826,0.9926486032346146,1.0,0.033816425120772944,0.033816425120772944,1.0,0.0013640358414280795,0.0037735849056602655,0.7377074042403168,0.30434782608695654,0.7342995169082126,0.8405797101449275,0.8034098981766516,0.322696778334001,0.9951456310679612,0.0,Age,diabetes-w
0.0008098436314156953,0.39215686274509803,0.44463046375007015,0.2709447415329769,0.9859431051629857,0.9982174688057041,0.012477718360071301,0.012477718360071301,1.0,0.1375535994453979,0.3115916760103219,0.8336284896269172,0.1836007130124777,0.7237076648841355,0.839572192513369,0.7096256684491979,0.26205554239524875,0.9982174688057041,1.0,Age,diabetes-w
