F1v,N1,N2,N3,LSC,T1,T2,T3,T4,C1,C2,L1,L2,L3,N4,density,clustering_coefficient,hubs,att_value,att,dataset
0.38797365358471686,0.4634146341463415,0.46548379674136986,0.31071049840933196,0.994079273634269,0.9989395546129375,0.01166489925768823,0.010604453870625663,0.9090909090909091,0.1346863556708484,0.3062730346173992,0.6350364015636122,0.2873806998939555,0.5026511134676565,0.8271474019088016,0.8746040215871558,0.3418176728841812,0.9989395546129375,0.0,Gender,drugs
0.1738561722675732,0.3057324840764331,0.439312395878646,0.2133757961783439,0.9843987360316623,0.9978768577494692,0.01167728237791932,0.010615711252653927,0.9090909090909091,0.37781333589595034,0.6451051406863613,0.7633755721088819,0.15498938428874734,0.49469214437367304,0.8577494692144374,0.8103070546534269,0.34724853874894757,0.9989384288747346,1.0,Gender,drugs
