F1v,N1,N2,N3,LSC,T1,T2,T3,T4,C1,C2,L1,L2,L3,N4,density,clustering_coefficient,hubs,att_value,att,dataset
0.012041121436264563,0.5224665391969407,0.45613557710894975,0.3588910133843213,0.9998059529336926,0.7236137667304016,0.0013384321223709368,0.001147227533460803,0.8571428571428571,0.1945308055383671,0.4093132366668567,0.8023318248063205,0.24636711281070744,0.5016252390057362,0.6477055449330784,0.0,0.0,0.0,0.0,Race,diabetes
0.10666134705673345,0.5104994960241909,0.4629338053773848,0.3645705006159704,0.9999515902954432,0.5461137865382462,0.00039198118490312467,0.00036398252883861575,0.9285714285714286,0.20402231451940145,0.42423800838270087,0.8060846799675002,0.2405644529062605,0.49515623250083995,0.5981352895061037,0.0,0.0,0.0,1.0,Race,diabetes
