F1v,N1,N2,N3,LSC,T1,T2,T3,T4,C1,C2,L1,L2,L3,N4,density,clustering_coefficient,hubs,att_value,att,dataset
0.47591682568960686,0.6495278969957081,0.4879104544497331,0.44163090128755367,0.9999226878373151,0.5176824034334764,0.00042918454935622315,0.00042918454935622315,1.0,0.0032359874338612205,0.008925342677265524,0.6710909011830242,0.41158798283261805,0.5707296137339056,0.5907296137339055,0.68649641498819,0.04604396124393906,0.9999141630901287,0.0,gender,lsat
0.3283940017121053,0.5791505791505791,0.46986067639140927,0.3864313292884721,0.9998295572608078,0.549034749034749,0.0005515719801434088,0.0005515719801434088,1.0,0.06689618549713061,0.16731549253802114,0.7050638063856252,0.3309431880860452,0.5847766133480419,0.590292333149476,0.7012248257047147,0.07663119493643678,0.9998896856039713,1.0,gender,lsat
