,accuracies,acc_m,statistical_parity_difference,disparate_impact,equal_opportunity_difference,average_odds_difference,average_predictive_value_difference,false_discovery_rate_difference,seed
count,10.0,10.0,10.0,10.0,10.0,10.0,10.0,10.0,10.0
mean,0.8555999999999999,0.8555999999999999,-0.020182167596877736,0.9546536887134931,-0.014598760058927619,-0.008838904358065256,-0.0031382071428636624,0.007516188093025766,1.0
std,0.011137524161340558,0.011137524161340558,0.021535816637763498,0.04833485453097663,0.038950313478584034,0.022102513532446324,0.02718640692730291,0.04444353975341731,0.0
min,0.839,0.839,-0.05177585288593617,0.8883583172147002,-0.09401709401709402,-0.054544008001454806,-0.029081873810345042,-0.05380636965792579,1.0
25%,0.851,0.851,-0.031228317158127364,0.9304582428969579,-0.031867981947431095,-0.016394712504701314,-0.02509925858851797,-0.025764659563558362,1.0
50%,0.853,0.853,-0.020967575808131522,0.9523014016832927,-0.016240417723875245,-0.01046304693627459,-0.016425230020553,-0.00404312668463612,1.0
75%,0.856,0.856,-0.009153176090054602,0.9786398946372784,0.002644646731078143,0.005072826348031356,0.016399998720017284,0.03431697747995504,1.0
max,0.881,0.881,0.023371365476628603,1.0542040119504907,0.04659766149127842,0.02310839726266923,0.04620997211650705,0.0883649724433558,1.0
