,accuracies,acc_m,statistical_parity_difference,disparate_impact,equal_opportunity_difference,average_odds_difference,average_predictive_value_difference,false_discovery_rate_difference,seed
count,10.0,10.0,10.0,10.0,10.0,10.0,10.0,10.0,10.0
mean,0.9132,0.9132,-0.7122916471898892,0.1746688731885473,-0.18914283124580256,-0.2918457417621784,-0.15743491686909128,0.07845666573228363,1.0
std,0.009997777530809321,0.009997777530809321,0.0251994720509387,0.018087658569024157,0.06383936595692469,0.057047297512159964,0.024132656224998397,0.030592006353451853,0.0
min,0.894,0.894,-0.7472416649658435,0.14850187265917603,-0.2819227763856331,-0.370429761546082,-0.19526737716977902,0.019927082463610808,1.0
25%,0.91125,0.91125,-0.7325963831356211,0.16024142370275543,-0.22597526288833208,-0.33534437576997234,-0.1701530918101908,0.06497903827521442,1.0
50%,0.915,0.915,-0.7120036071063098,0.1749264386238441,-0.1995082002266556,-0.28555539271227415,-0.15411008777043822,0.08016690667961619,1.0
75%,0.91725,0.91725,-0.6964221081367,0.18706662429262003,-0.1492249815248231,-0.25595262028035065,-0.14218500355888392,0.09718646192254171,1.0
max,0.93,0.93,-0.6739786959147838,0.19984993684050564,-0.07925225858522744,-0.20254546681254343,-0.12010778322550464,0.12780125496222305,1.0
