,accuracies,acc_m,statistical_parity_difference,disparate_impact,equal_opportunity_difference,average_odds_difference,average_predictive_value_difference,false_discovery_rate_difference,seed
count,10.0,10.0,10.0,10.0,10.0,10.0,10.0,10.0,10.0
mean,0.9066000000000001,0.9066000000000001,-0.6526476126724601,0.20410348305142884,-0.17307457716630154,-0.2466357084058782,-0.1358327968517993,0.06451570546037504,1.0
std,0.01158734942368905,0.01158734942368905,0.026939316444738893,0.02271535407750407,0.053608557770234225,0.0497396929896435,0.033978093512463226,0.045558472017917837,0.0
min,0.882,0.882,-0.6913461538461538,0.16589327146171695,-0.24980959634424982,-0.3110396509736444,-0.18582940408641677,-0.017501935310154496,1.0
25%,0.90125,0.90125,-0.6768521862590245,0.18679304139261318,-0.21008290735751575,-0.28361546894611933,-0.1648578336912783,0.036938900467556615,1.0
50%,0.91,0.91,-0.6458592565108179,0.2106524462921534,-0.19474491980726394,-0.2599828895018377,-0.1362221859352168,0.06711618876817514,1.0
75%,0.9117500000000001,0.9117500000000001,-0.6321816055853905,0.21999867250004032,-0.12756441849175496,-0.19814460150019397,-0.10881535169669762,0.07856315233743541,1.0
max,0.924,0.924,-0.6160144640578563,0.2341854925732358,-0.09052075964520867,-0.17798467561424763,-0.082918422393768,0.14082687338501293,1.0
