,accuracies,acc_m,statistical_parity_difference,disparate_impact,equal_opportunity_difference,average_odds_difference,average_predictive_value_difference,false_discovery_rate_difference,seed
count,10.0,10.0,10.0,10.0,10.0,10.0,10.0,10.0,10.0
mean,0.858,0.858,-0.10043687641107601,0.7893732861416869,-0.04500391122848123,-0.03571176343218059,-0.02160538941847347,0.02395562989050334,1.0
std,0.011832159566199242,0.011832159566199242,0.02059626055658006,0.041197212974168916,0.028991421850659938,0.024094508164047825,0.027263250245724145,0.045139498127180204,0.0
min,0.843,0.843,-0.13243961816900507,0.7237035551991446,-0.12202614379084964,-0.08950035038270332,-0.051114722320896935,-0.06598606158077525,1.0
25%,0.8505,0.8505,-0.11241968648449915,0.7683181613848349,-0.047243547104116324,-0.042690420046637645,-0.04244941839982839,-0.004401045807708948,1.0
50%,0.8545,0.8545,-0.10441544316086157,0.7834891249274635,-0.03732746377630125,-0.02673012063312725,-0.02659794126481826,0.03129538294059038,1.0
75%,0.86075,0.86075,-0.09501698726846983,0.797443109566347,-0.03283813952792253,-0.02618633416117077,-0.012046813085023401,0.05361571903118591,1.0
max,0.883,0.883,-0.06252100302443553,0.8668733814910726,-0.01372819005733783,-0.0011180120336385171,0.024249342046698874,0.08047371945095413,1.0
