,accuracies,acc_m,statistical_parity_difference,disparate_impact,equal_opportunity_difference,average_odds_difference,average_predictive_value_difference,false_discovery_rate_difference,seed
count,10.0,10.0,10.0,10.0,10.0,10.0,10.0,10.0,10.0
mean,0.8622,0.8622,-0.14922521479451617,0.7047748954439211,-0.050495253314828945,-0.053360363368594385,-0.025147827260981886,0.012394080070810604,1.0
std,0.011998148005236301,0.011998148005236301,0.016981684153512252,0.03195853867612648,0.03290497871146826,0.018208406108773164,0.022185911549204445,0.039711180623638605,0.0
min,0.844,0.844,-0.1706707668652701,0.6600631639391328,-0.1321492477964079,-0.0913377817929408,-0.05501931572478294,-0.06227106227106226,1.0
25%,0.85575,0.85575,-0.16331372143120523,0.6831571651077685,-0.058072537983252265,-0.061743385073499704,-0.04359693035206171,0.0006742155609363656,1.0
50%,0.86,0.86,-0.1521919239454241,0.7079063213317784,-0.04698978876164378,-0.05154923243520171,-0.020678810637378503,0.00805510649260649,1.0
75%,0.86975,0.86975,-0.13994716413074032,0.7160742325538909,-0.03162671633593622,-0.046932157409043565,-0.017600584324352367,0.03246965637316515,1.0
max,0.882,0.882,-0.12064937350978544,0.7606393955267711,-0.011987305181022423,-0.023743850921260107,0.012708163126911295,0.06856291143957272,1.0
