,accuracies,acc_m,statistical_parity_difference,disparate_impact,equal_opportunity_difference,average_odds_difference,average_predictive_value_difference,false_discovery_rate_difference,seed
count,10.0,10.0,10.0,10.0,10.0,10.0,10.0,10.0,10.0
mean,0.8641,0.8641,-0.19736065037964515,0.6275260046279942,-0.06421380708815588,-0.0699671482443377,-0.034305447608780376,0.015013785875928387,1.0
std,0.009573690801125537,0.009573690801125537,0.018976609955662676,0.0316664887632395,0.033836881029236626,0.01807163843339185,0.025884453515496352,0.03562398404586902,0.0
min,0.852,0.852,-0.22822891291565162,0.582089552238806,-0.12087808554739021,-0.09715516458153206,-0.07643279204009686,-0.054781446841000184,1.0
25%,0.855,0.855,-0.20641664705823579,0.609921221670489,-0.08423573037528159,-0.08494273359248015,-0.05332735123132462,-0.0022855456196593585,1.0
50%,0.8645,0.8645,-0.20035711034160375,0.6223376313358904,-0.062394242806540046,-0.06773172494580379,-0.026954599488452614,0.017298994259984928,1.0
75%,0.873,0.873,-0.18575742564040765,0.6430295374302517,-0.045327501405153264,-0.05486765884399865,-0.017981572967108707,0.04279675419556142,1.0
max,0.875,0.875,-0.166554664874638,0.6759285202826811,-0.007264957264957239,-0.04737578997322834,0.008933775423910141,0.05605101649405447,1.0
