,accuracies,acc_m,statistical_parity_difference,disparate_impact,equal_opportunity_difference,average_odds_difference,average_predictive_value_difference,false_discovery_rate_difference,seed
count,10.0,10.0,10.0,10.0,10.0,10.0,10.0,10.0,10.0
mean,0.8717,0.8717,-0.289180673710836,0.503836515340432,-0.08337352315484785,-0.1017439209359882,-0.0453756460999476,0.007249980470702586,1.0
std,0.009298147963737494,0.009298147963737494,0.023046000251613467,0.032979687604587686,0.043810574039278294,0.023883993107393083,0.023061001706419348,0.02391996692429299,0.0
min,0.854,0.854,-0.3302333209332838,0.4557667967513975,-0.1690196078431373,-0.15472105768315586,-0.08640367454259154,-0.015936632911992793,1.0
25%,0.8654999999999999,0.8654999999999999,-0.3005164053024574,0.4796395680216834,-0.08616210590038925,-0.10850335339367605,-0.047714949390903594,-0.006922892408649271,1.0
50%,0.8745,0.8745,-0.29225117210336704,0.5097444040286551,-0.08159915596179329,-0.094529993996566,-0.04273883050946579,0.0016408862876254177,1.0
75%,0.876,0.876,-0.2678499943956062,0.5291853641898443,-0.07392516722552692,-0.08671481850779268,-0.02970920651061306,0.01491938016198359,1.0
max,0.887,0.887,-0.2585012241762814,0.5439299830604178,-0.0038193154135183205,-0.078017758894209,-0.015283436276574622,0.06666666666666665,1.0
