,accuracies,acc_m,statistical_parity_difference,disparate_impact,equal_opportunity_difference,average_odds_difference,average_predictive_value_difference,false_discovery_rate_difference,seed
count,10.0,10.0,10.0,10.0,10.0,10.0,10.0,10.0,10.0
mean,0.8764999999999998,0.8764999999999998,-0.3748259375696842,0.4125208029855118,-0.1089544393311928,-0.13079087313807763,-0.06617958468191557,0.02587752588470955,1.0
std,0.010824355254086355,0.010824355254086355,0.02611725592444611,0.028638320512383807,0.045608300024356944,0.02485006711852074,0.02743395081468117,0.03927817182557886,0.0
min,0.864,0.864,-0.41298076923076926,0.35895522388059703,-0.19484060402684567,-0.1711535301112918,-0.12133563936720913,-0.016147974163241346,1.0
25%,0.87025,0.87025,-0.39620803279484496,0.40136341103959283,-0.13931612000923352,-0.14560022439483655,-0.08444468156868773,0.00022202284473863548,1.0
50%,0.8745,0.8745,-0.3711204362769677,0.4139263625917272,-0.10816865031818301,-0.1275601481634713,-0.0603894013414738,0.020104485678256165,1.0
75%,0.87975,0.87975,-0.35888935256188603,0.4249091810478263,-0.06872345863809315,-0.11309270277444787,-0.04644293769586232,0.03584052115780483,1.0
max,0.897,0.897,-0.33529487117900436,0.45862688573755445,-0.05004149168908889,-0.1001248316535911,-0.031996794756168644,0.11642983093040142,1.0
