,accuracies,acc_m,statistical_parity_difference,disparate_impact,equal_opportunity_difference,average_odds_difference,average_predictive_value_difference,false_discovery_rate_difference,seed
count,10.0,10.0,10.0,10.0,10.0,10.0,10.0,10.0,10.0
mean,0.8821999999999999,0.8821999999999999,-0.4545610341760419,0.33914614043547425,-0.1300556177481735,-0.15923585640470556,-0.08790523350711214,0.04086481317019177,1.0
std,0.009704523572941536,0.009704523572941536,0.028952107918253134,0.026670032095788915,0.05005576799904923,0.02649765861040619,0.02519703466546913,0.042922941004582535,0.0
min,0.87,0.87,-0.5036717771401358,0.2849315068493151,-0.20913501756734143,-0.19648033126293998,-0.13284883720930235,-0.013905180840664721,1.0
25%,0.87725,0.87725,-0.4614099143535523,0.3242445929581282,-0.15121994121636,-0.18246003888898019,-0.10614466440370962,0.01834478431038884,1.0
50%,0.88,0.88,-0.44753424203138387,0.338576039439501,-0.13680396643783377,-0.1622654444209481,-0.07593163876560613,0.03890878418738997,1.0
75%,0.888,0.888,-0.4391699176686208,0.3567132290314311,-0.10688028633085192,-0.13866797282451318,-0.0688028043539988,0.043083984160879316,1.0
max,0.9,0.9,-0.4135242029751325,0.37586098557169445,-0.05300059965865589,-0.1221833259378945,-0.061657945581507986,0.14166666666666666,1.0
