,accuracies,acc_m,statistical_parity_difference,disparate_impact,equal_opportunity_difference,average_odds_difference,average_predictive_value_difference,false_discovery_rate_difference,seed
count,10.0,10.0,10.0,10.0,10.0,10.0,10.0,10.0,10.0
mean,0.8901999999999999,0.8901999999999999,-0.5197510241914514,0.2904111164373223,-0.14441576574205234,-0.18162332675799148,-0.10654660162557601,0.05532427886626855,1.0
std,0.008403702887550366,0.008403702887550366,0.0240457600142146,0.02033305763822343,0.03908050417276374,0.02373778796014991,0.01723683013004502,0.03865666803902999,0.0
min,0.878,0.878,-0.5626602564102564,0.24785775492716366,-0.1873904526239819,-0.22279265028759174,-0.14169609859390733,-0.003365576386118868,1.0
25%,0.8845000000000001,0.8845000000000001,-0.5261546006529099,0.28519909169860547,-0.17284100198664,-0.20043671455233547,-0.11070497085258163,0.02730430052288352,1.0
50%,0.8895,0.8895,-0.5134851225208593,0.2913394432392543,-0.15271363163631485,-0.18056563212285737,-0.10360030612700113,0.05999396856736521,1.0
75%,0.89275,0.89275,-0.5103199049397436,0.2989397146839929,-0.11821182829989038,-0.16138413600992857,-0.09833117675821784,0.07184590074462613,1.0
max,0.906,0.906,-0.4763014203135258,0.3270857840919374,-0.08044970414201191,-0.1527946668982889,-0.07787443852681164,0.12717086834733893,1.0
