,accuracies,acc_m,statistical_parity_difference,disparate_impact,equal_opportunity_difference,average_odds_difference,average_predictive_value_difference,false_discovery_rate_difference,seed
count,10.0,10.0,10.0,10.0,10.0,10.0,10.0,10.0,10.0
mean,0.8995,0.8995,-0.5850852858176581,0.24326904159727528,-0.14929757973605967,-0.20774048958928973,-0.11624252731107924,0.04733117922388351,1.0
std,0.012712635883683265,0.012712635883683265,0.023877058903291924,0.020599042452998404,0.05133159868510013,0.039506903352708594,0.022811034074746068,0.026807785908324524,0.0
min,0.879,0.879,-0.6201923076923077,0.2076167076167076,-0.21798941798941807,-0.2718299580368546,-0.1601548555191587,0.00278820095893266,1.0
25%,0.8895,0.8895,-0.6054356245070239,0.22584638288848974,-0.176920849616675,-0.23491399760366594,-0.12791590334769706,0.032996521000232565,1.0
50%,0.9015,0.9015,-0.5851077491927551,0.248151320805165,-0.1551071953922855,-0.20105235349660544,-0.1150714925310559,0.04160223621221064,1.0
75%,0.9107500000000001,0.9107500000000001,-0.5677159960771114,0.25962007910569507,-0.11993174361289974,-0.17616816709801364,-0.10529560747080537,0.07418771542354986,1.0
max,0.914,0.914,-0.5541142164568659,0.26648951314415864,-0.05363830589418128,-0.15339500753551935,-0.08407781334079047,0.07847619047619046,1.0
