,accuracies,acc_m,statistical_parity_difference,disparate_impact,equal_opportunity_difference,average_odds_difference,average_predictive_value_difference,false_discovery_rate_difference,seed
count,10.0,10.0,10.0,10.0,10.0,10.0,10.0,10.0,10.0
mean,0.7911,0.7911,0.0005421153824233582,1.0047389717239352,0.023938586486430612,0.01136468740505185,-0.015171248681275219,0.00521470606529639,1.0
std,0.011503139668030744,0.011503139668030744,0.02665139314958241,0.06810320705949502,0.038130316513761024,0.02862104558167861,0.0360563399001334,0.06199914657909591,0.0
min,0.778,0.778,-0.05780397712492846,0.8666691282354244,-0.03108243602598193,-0.029789270813571092,-0.05674553917986867,-0.09093831273194822,1.0
25%,0.7845,0.7845,-0.008616090334510246,0.9779205989296074,0.007484327771951321,-0.011497076073138233,-0.043283363753294904,-0.03849434193311954,1.0
50%,0.7875000000000001,0.7875000000000001,-0.0022800838848944516,0.9939681419129067,0.026213554294711172,0.009000118100859798,-0.020331631812971665,-0.00851604301228831,1.0
75%,0.794,0.794,0.015120201604617356,1.040331341156647,0.03742011686057323,0.0357888293376316,0.00875107885574164,0.0689125579290225,1.0
max,0.811,0.811,0.04134195324126677,1.121565029173725,0.10305690072639229,0.052868766235575966,0.038762522399825194,0.07776451317360283,1.0
