,accuracies,acc_m,statistical_parity_difference,disparate_impact,equal_opportunity_difference,average_odds_difference,average_predictive_value_difference,false_discovery_rate_difference,seed
count,10.0,10.0,10.0,10.0,10.0,10.0,10.0,10.0,10.0
mean,0.8853,0.8853,-0.7600206132378228,0.14132792432352492,-0.3268342405028567,-0.44276298926733315,-0.19233111784302767,0.06857963189961655,1.0
std,0.009019115502334172,0.009019115502334172,0.013390665791795752,0.011180898420812569,0.030775721833138692,0.03908201800391463,0.03532003298935561,0.032696180088985775,0.0
min,0.872,0.872,-0.7857851610012163,0.12463126843657817,-0.40716191092070164,-0.5020798187074156,-0.25505932244982266,0.008441943127962079,1.0
25%,0.87775,0.87775,-0.7672965356810361,0.13202461140271873,-0.3289434225920871,-0.46973886485480143,-0.20575751544858126,0.061814497182926476,1.0
50%,0.888,0.888,-0.7605819744033275,0.14522643183480466,-0.3219471079578438,-0.4473031050277503,-0.19143187263670292,0.0775207223801706,1.0
75%,0.8905000000000001,0.8905000000000001,-0.7518827741993634,0.14754955115454116,-0.3135871120426694,-0.4175876054990286,-0.1724139889614918,0.08492603438222199,1.0
max,0.897,0.897,-0.74196570110967,0.15939928980957235,-0.2900136798905608,-0.3833245969546262,-0.13149131124881291,0.11988901869158879,1.0
