,accuracies,acc_m,statistical_parity_difference,disparate_impact,equal_opportunity_difference,average_odds_difference,average_predictive_value_difference,false_discovery_rate_difference,seed
count,10.0,10.0,10.0,10.0,10.0,10.0,10.0,10.0,10.0
mean,0.8800000000000001,0.8800000000000001,-0.73195613462346,0.1467982725987741,-0.3200129893180647,-0.4057406832925672,-0.22668723560339546,0.09840966588848188,1.0
std,0.011343133018115714,0.011343133018115714,0.018803110612269743,0.012142878412627692,0.04035736814989476,0.046003495008162615,0.03040809860723808,0.05812714149817492,0.0
min,0.863,0.863,-0.7681966583445362,0.1250136716613803,-0.3723057644110276,-0.4683862738139054,-0.27347658446944745,-0.013814669675018806,1.0
25%,0.87725,0.87725,-0.740825623063101,0.13903202019876212,-0.3510435978971448,-0.4408316687287085,-0.241322091956475,0.07335137043657222,1.0
50%,0.8785000000000001,0.8785000000000001,-0.729383334131499,0.14728096299963375,-0.3303720793589695,-0.4175118335426053,-0.22536517532978714,0.0958232364316576,1.0
75%,0.88675,0.88675,-0.7267083280552835,0.15466660843031854,-0.28398589591251117,-0.3682589214363551,-0.2101453897980865,0.13092578426888318,1.0
max,0.901,0.901,-0.7025347872732222,0.16785327242547704,-0.26147517508917184,-0.33831576084364556,-0.18225511699618283,0.19590846047156724,1.0
