,accuracies,acc_m,statistical_parity_difference,disparate_impact,equal_opportunity_difference,average_odds_difference,average_predictive_value_difference,false_discovery_rate_difference,seed
count,10.0,10.0,10.0,10.0,10.0,10.0,10.0,10.0,10.0
mean,0.8597437087582126,0.8597437087582126,-0.44869351162286886,0.14368126617640317,-0.5221347030200766,-0.3195610732798577,-0.15524071796962574,0.24980262996249838,1.0
std,0.017564275755259897,0.017564275755259897,0.03387564196854231,0.034392041941424145,0.1105462345894733,0.05437647347913029,0.06942581267233718,0.14067801699200708,0.0
min,0.8281733746130031,0.8281733746130031,-0.5217084554433952,0.07210424710424711,-0.7353052711414487,-0.43031680067391387,-0.32306345719577406,0.015566037735849053,1.0
25%,0.8508500772797527,0.8508500772797527,-0.4619595476829419,0.1353743044158064,-0.5694133258046301,-0.3390816749586769,-0.17951782503231725,0.20235336126531545,1.0
50%,0.8585780525502318,0.8585780525502318,-0.44425305207687127,0.15162921026320314,-0.5319437402465583,-0.32415538380170095,-0.13652728817109744,0.21776004728132387,1.0
75%,0.8650941951660677,0.8650941951660677,-0.4288402983143878,0.1651772119412061,-0.46179123896162433,-0.28789609855969595,-0.120337750969775,0.2973373114423698,1.0
max,0.8948995363214838,0.8948995363214838,-0.40710360101714377,0.1906392694063927,-0.32735961768219835,-0.2303394253103603,-0.0677432695941132,0.5523809523809523,1.0
