,accuracies,acc_m,statistical_parity_difference,disparate_impact,equal_opportunity_difference,average_odds_difference,average_predictive_value_difference,false_discovery_rate_difference,seed
count,10.0,10.0,10.0,10.0,10.0,10.0,10.0,10.0,10.0
mean,0.9069000000000003,0.9069000000000003,-0.6512309292489982,0.20522455458295502,-0.169761170800462,-0.24387847660679668,-0.13708418665914307,0.06571374260723929,1.0
std,0.011445037740824148,0.011445037740824148,0.026548198413123402,0.022700116058763382,0.05431815617292923,0.049937613292845455,0.032492337780103055,0.04500734178899734,0.0
min,0.883,0.883,-0.6892628205128206,0.16840680587780354,-0.24980959634424982,-0.3110396509736444,-0.18582940408641677,-0.017501935310154496,1.0
25%,0.90125,0.90125,-0.6768521862590245,0.18748306946188925,-0.20790464967632497,-0.281399657831815,-0.16472734550238033,0.04660647170229203,1.0
50%,0.91,0.91,-0.6438200437591903,0.21092257813662757,-0.18844753196374142,-0.25715712991286854,-0.1362221859352168,0.06620573242055741,1.0
75%,0.9127500000000001,0.9127500000000001,-0.6291792517399757,0.22060738755349085,-0.12756441849175496,-0.195557603596822,-0.11052303121952838,0.07853792978774793,1.0
max,0.924,0.924,-0.6160144640578563,0.2341854925732358,-0.07988246177286829,-0.17798467561424763,-0.0893079084794672,0.14082687338501293,1.0
