,accuracies,acc_m,statistical_parity_difference,disparate_impact,equal_opportunity_difference,average_odds_difference,average_predictive_value_difference,false_discovery_rate_difference,seed
count,10.0,10.0,10.0,10.0,10.0,10.0,10.0,10.0,10.0
mean,0.8619999999999999,0.8619999999999999,-0.14722109954815152,0.7082016123127585,-0.048299041440323785,-0.05135997367527108,-0.026717283350630845,0.014240152116269158,1.0
std,0.011897712198383176,0.011897712198383176,0.01737810965589698,0.032383032289992,0.035110992689217566,0.01827997939739659,0.021957309661394628,0.04047045612515477,0.0
min,0.845,0.845,-0.16873278236914607,0.6639231824417009,-0.1321492477964079,-0.08979932025447926,-0.05648001543655144,-0.06227106227106226,1.0
25%,0.85575,0.85575,-0.1627928880978719,0.6831571651077685,-0.058072537983252265,-0.060722513354315215,-0.04449363004551476,0.003469419094419106,1.0
50%,0.8605,0.8605,-0.1471662905973455,0.7127499652296374,-0.04542372534145067,-0.04709368167960144,-0.023101053957157,0.011444841696589825,1.0
75%,0.8694999999999999,0.8694999999999999,-0.1388819996774917,0.7212032599411597,-0.03147341845801779,-0.04499694323073207,-0.02095583385410725,0.03369364658124349,1.0
max,0.882,0.882,-0.12064937350978544,0.7606393955267711,-0.004277877845095812,-0.023743850921260107,0.012708163126911295,0.0708927231807952,1.0
