,accuracies,acc_m,statistical_parity_difference,disparate_impact,equal_opportunity_difference,average_odds_difference,average_predictive_value_difference,false_discovery_rate_difference,seed
count,10.0,10.0,10.0,10.0,10.0,10.0,10.0,10.0,10.0
mean,0.8642,0.8642,-0.19716722678196624,0.6278825832450894,-0.06367032882728632,-0.0696954091139029,-0.03439443945195418,0.014930734915859289,1.0
std,0.009693067396627123,0.009693067396627123,0.01886769738279852,0.03155317623857026,0.03401845203458239,0.01834051367571982,0.02596253174508297,0.03555639522083,0.0
min,0.852,0.852,-0.22822891291565162,0.582089552238806,-0.12087808554739021,-0.09715516458153206,-0.07643279204009686,-0.054781446841000184,1.0
25%,0.855,0.855,-0.20496597007564388,0.6101879123735559,-0.08423573037528159,-0.08494273359248015,-0.05399479005512815,-0.0022855456196593585,1.0
50%,0.8645,0.8645,-0.20035711034160375,0.6235871430152321,-0.062394242806540046,-0.06773172494580379,-0.026954599488452614,0.017298994259984928,1.0
75%,0.873,0.873,-0.18575742564040765,0.6430295374302517,-0.043968805752979345,-0.052902638874824603,-0.017981572967108707,0.04258912679538867,1.0
max,0.875,0.875,-0.166554664874638,0.6759285202826811,-0.007264957264957239,-0.04737578997322834,0.008933775423910141,0.05605101649405447,1.0
