,accuracies,acc_m,statistical_parity_difference,disparate_impact,equal_opportunity_difference,average_odds_difference,average_predictive_value_difference,false_discovery_rate_difference,seed
count,10.0,10.0,10.0,10.0,10.0,10.0,10.0,10.0,10.0
mean,0.8487,0.8487,-0.5738370273540914,0.2453879234237016,-0.2435834588270016,-0.3038660114386705,-0.12035312897267655,0.03351657237784324,1.0
std,0.011624208455728176,0.011624208455728176,0.018053545487788376,0.018199926923093177,0.03614754715523424,0.028647859470691157,0.022937893286692074,0.03994720530895264,0.0
min,0.832,0.832,-0.6038962858023283,0.20542289192525434,-0.32317764718012165,-0.35083570383526264,-0.1514208638373353,-0.02677209476076331,1.0
25%,0.842,0.842,-0.581821166830977,0.23975649829904727,-0.2571641298914026,-0.3250507245557277,-0.1324351566059275,-0.00274984690863405,1.0
50%,0.8474999999999999,0.8474999999999999,-0.5742478993002598,0.24511142321757995,-0.2388957114659776,-0.30185593624719076,-0.12186091733603507,0.04938372245549777,1.0
75%,0.85925,0.85925,-0.5602420504868956,0.25624937368085915,-0.21235582046962556,-0.28177719616307323,-0.1126151221642796,0.06605325477243873,1.0
max,0.863,0.863,-0.5492946470032505,0.27196087734024305,-0.20980533525594813,-0.2655250827566905,-0.08274705550187345,0.07549665568533492,1.0
