,accuracies,acc_m,statistical_parity_difference,disparate_impact,equal_opportunity_difference,average_odds_difference,average_predictive_value_difference,false_discovery_rate_difference,seed
count,10.0,10.0,10.0,10.0,10.0,10.0,10.0,10.0,10.0
mean,0.8442423631414456,0.8442423631414456,-0.021972336260472153,0.9443262528064139,-0.04275821673281625,-0.024242822668052465,0.022630950929001626,-0.012401141032620109,1.0
std,0.020002031501452352,0.020002031501452352,0.06449655887132064,0.1625338960220857,0.10636768082926579,0.07022053799169277,0.06593046539249045,0.08338110433762436,0.0
min,0.8058608058608059,0.8058608058608059,-0.10202020202020201,0.7405714285714285,-0.2365274649107607,-0.14568870716595694,-0.047886472042936695,-0.14909560723514212,1.0
25%,0.8378389958665189,0.8378389958665189,-0.08637388706134516,0.7832266148593501,-0.10737175882185324,-0.06134653215506938,-0.025767425208014137,-0.06236223271321631,1.0
50%,0.8516483516483516,0.8516483516483516,-0.004837873895492006,0.9891717534464617,-0.040532724505327244,-0.007528863651993671,0.004700396830383785,-0.028928694509228768,1.0
75%,0.8578645360755452,0.8578645360755452,0.011889653428592925,1.0297564986231378,0.018314479638009057,0.03261208238977622,0.06007214636792414,0.03862560252527407,1.0
max,0.8642201834862385,0.8642201834862385,0.07944111776447105,1.2051546391752577,0.14069264069264076,0.05229388588939154,0.13637576060681839,0.11438389788905251,1.0
