,accuracies,acc_m,statistical_parity_difference,disparate_impact,equal_opportunity_difference,average_odds_difference,average_predictive_value_difference,false_discovery_rate_difference,seed
count,10.0,10.0,10.0,10.0,10.0,10.0,10.0,10.0,10.0
mean,0.8719999999999999,0.8719999999999999,-0.2881717141016037,0.5052492011639202,-0.0812899250675255,-0.10046173727694244,-0.04595324690637878,0.007297285466247076,1.0
std,0.008969082698049148,0.008969082698049148,0.023853940916047305,0.034215165305850656,0.044643415522752916,0.024444472769631534,0.02298779679720883,0.023987127533601497,0.0
min,0.854,0.854,-0.3302333209332838,0.4557667967513975,-0.1690196078431373,-0.15472105768315586,-0.08640367454259154,-0.017270025507219247,1.0
25%,0.8665,0.8665,-0.3005164053024574,0.4796395680216834,-0.08616210590038925,-0.10777624890110851,-0.048605286184895555,-0.006793478260869564,1.0
50%,0.8745,0.8745,-0.2912159754159964,0.510627392071951,-0.0798569956830476,-0.09194137081386893,-0.04412785795017522,0.0024706017284839704,1.0
75%,0.87675,0.87675,-0.2658764471345535,0.5349933167005042,-0.06971046539391867,-0.08403376945607036,-0.029993340778533828,0.014641396470360162,1.0
max,0.886,0.886,-0.2585012241762814,0.5439299830604178,-0.0038193154135183205,-0.078017758894209,-0.015283436276574622,0.06666666666666665,1.0
