,accuracies,acc_m,statistical_parity_difference,disparate_impact,equal_opportunity_difference,average_odds_difference,average_predictive_value_difference,false_discovery_rate_difference,seed
count,10.0,10.0,10.0,10.0,10.0,10.0,10.0,10.0,10.0
mean,0.8631,0.8631,-0.03541423313768501,0.920481032455764,-0.001708633189678266,-0.013931949535909965,-0.0004304756067801986,-0.016056967944893787,1.0
std,0.00743041796341977,0.00743041796341977,0.025024240166411527,0.054644356693606566,0.04879985917779539,0.029467465630558836,0.027496474750989732,0.037060523308935896,0.0
min,0.853,0.853,-0.09434437737750956,0.795382973739687,-0.07474302496328922,-0.07230192947454739,-0.03981935961723161,-0.06693195028167753,1.0
25%,0.85725,0.85725,-0.04004285223609905,0.9076488341415028,-0.025712238394215714,-0.03021813313253067,-0.014069122437060013,-0.04596887936069387,1.0
50%,0.863,0.863,-0.02565531348387287,0.9413552655957829,-0.0016546256800606396,-0.012665094438606184,-0.006125613177944092,-0.01754890491973743,1.0
75%,0.8665,0.8665,-0.021251548223189837,0.9536802993338911,0.025751822017644782,0.007725533291518788,0.022974162014726886,0.011577897594462035,1.0
max,0.875,0.875,-0.013498533290112413,0.9699964419142502,0.07249198350893271,0.02466181844319812,0.037335775865553825,0.03627935486342565,1.0
