,accuracies,acc_m,statistical_parity_difference,disparate_impact,equal_opportunity_difference,average_odds_difference,average_predictive_value_difference,false_discovery_rate_difference,seed
count,10.0,10.0,10.0,10.0,10.0,10.0,10.0,10.0,10.0
mean,0.8680999999999999,0.8680999999999999,-0.3080483389038032,0.4735920812657703,-0.10624346840975711,-0.111853942696408,-0.05622652277019098,0.03001910045146138,1.0
std,0.011019679366176384,0.011019679366176384,0.024679432245052164,0.032230136236045266,0.04068752457856753,0.02775292782045943,0.02108187174264601,0.036129213537779675,0.0
min,0.846,0.846,-0.35226140904563624,0.42325828126841913,-0.17000000000000004,-0.15192896548774754,-0.08585282830435187,-0.012987012987012991,1.0
25%,0.86325,0.86325,-0.32193806457812796,0.4573313486138495,-0.13528067538896746,-0.13316899606326218,-0.07135814466621306,0.0003946450901988405,1.0
50%,0.869,0.869,-0.3093375850031126,0.4662988761710415,-0.1054068119561774,-0.10873486754575346,-0.06048821357855295,0.022546552768564217,1.0
75%,0.876,0.876,-0.28674323631478316,0.4982399986028464,-0.07285489292835964,-0.09549334577124993,-0.042616360686848646,0.06224211995601696,1.0
max,0.883,0.883,-0.27652079230116416,0.5200389105058365,-0.04935282204807612,-0.06706895868067703,-0.022849042835909404,0.08765182186234818,1.0
