,accuracies,acc_m,statistical_parity_difference,disparate_impact,equal_opportunity_difference,average_odds_difference,average_predictive_value_difference,false_discovery_rate_difference,seed
count,10.0,10.0,10.0,10.0,10.0,10.0,10.0,10.0,10.0
mean,0.8684999999999998,0.8684999999999998,-0.30725628576025177,0.4745886012545342,-0.1057481193924417,-0.11105408291215521,-0.05617463413094466,0.030399386036047797,1.0
std,0.010606601717798222,0.010606601717798222,0.024575577834402635,0.032079452140476396,0.04007662184339533,0.027105852239014818,0.020884664615438572,0.03585792181676896,0.0
min,0.847,0.847,-0.35226140904563624,0.42325828126841913,-0.17000000000000004,-0.15192896548774754,-0.08585282830435187,-0.012987012987012991,1.0
25%,0.86425,0.86425,-0.32145356845409695,0.46024125707204583,-0.1370607955246596,-0.13099776445360606,-0.07153633425994078,0.000403239528838778,1.0
50%,0.869,0.869,-0.3083648223571982,0.4679576924724955,-0.1054068119561774,-0.10894305214934814,-0.061018185046117876,0.024103261441655394,1.0
75%,0.876,0.876,-0.28674323631478316,0.4995570161169354,-0.07285489292835964,-0.09504122448874155,-0.042616360686848646,0.06224211995601696,1.0
max,0.883,0.883,-0.27652079230116416,0.5200389105058365,-0.04935282204807612,-0.06706895868067703,-0.023444435710561685,0.08765182186234818,1.0
