,accuracies,acc_m,statistical_parity_difference,disparate_impact,equal_opportunity_difference,average_odds_difference,average_predictive_value_difference,false_discovery_rate_difference,seed
count,10.0,10.0,10.0,10.0,10.0,10.0,10.0,10.0,10.0
mean,0.8654999999999999,0.8654999999999999,-0.08355829194765728,0.8226323950994265,-0.017893956825631885,-0.028951673142977717,-0.010706476179894845,-0.007101879856416198,1.0
std,0.005816642788871721,0.005816642788871721,0.022417223331276114,0.044677382904831545,0.03494777679632448,0.0210007656633646,0.019679627407252584,0.037135253128937784,0.0
min,0.857,0.857,-0.13832855331421323,0.7159729294654884,-0.05780178076193265,-0.06929981005164029,-0.039011618452552896,-0.06243055555555556,1.0
25%,0.8625,0.8625,-0.0885599830058345,0.8093896589926503,-0.04272589308075633,-0.04278361889183338,-0.02190766888596864,-0.036141912019104994,1.0
50%,0.865,0.865,-0.08046977209500339,0.8326812895807215,-0.02034202654180539,-0.02589534650621949,-0.014737750466896633,-0.009249029465477981,1.0
75%,0.86875,0.86875,-0.07230774853107737,0.8457072319359855,-0.0034500221518113383,-0.016720476589098573,0.005907806682793093,0.019411298080437903,1.0
max,0.876,0.876,-0.05634817697074507,0.8782879377431907,0.06003396264109484,0.0001629754172503134,0.01861443534185287,0.04762891344383055,1.0
