,accuracies,acc_m,statistical_parity_difference,disparate_impact,equal_opportunity_difference,average_odds_difference,average_predictive_value_difference,false_discovery_rate_difference,seed
count,10.0,10.0,10.0,10.0,10.0,10.0,10.0,10.0,10.0
mean,0.8635999999999999,0.8635999999999999,-0.14452155894522553,0.711667349092867,-0.04786745857175932,-0.051168504496596046,-0.02409086081411676,0.01016890920353967,1.0
std,0.012954621654923872,0.012954621654923872,0.023564323012461193,0.044388223027589734,0.046960517884540046,0.02320285292669522,0.01928656294285109,0.03902473350293787,0.0
min,0.84,0.84,-0.1943447773791095,0.6196611973947896,-0.10856918238993718,-0.08494793527504331,-0.046444551379739546,-0.05053401898734178,1.0
25%,0.85625,0.85625,-0.15279329512224257,0.7054370097178316,-0.06764537531887319,-0.0667387894916722,-0.037894274246735415,-0.024028099773506117,1.0
50%,0.8654999999999999,0.8654999999999999,-0.14026028714204242,0.7156607229946117,-0.051059843143703876,-0.05654028282831197,-0.033557918534399135,0.02306992187431868,1.0
75%,0.8694999999999999,0.8694999999999999,-0.13014648774044238,0.739636964985266,-0.031730776807084055,-0.03275219775196752,-0.006063795926431734,0.03368039209606318,1.0
max,0.889,0.889,-0.11523434372548075,0.7732635989854914,0.05767971180612408,-0.014707847089807033,0.0038690450611100075,0.05906553041434029,1.0
