,accuracies,acc_m,statistical_parity_difference,disparate_impact,equal_opportunity_difference,average_odds_difference,average_predictive_value_difference,false_discovery_rate_difference,seed
count,10.0,10.0,10.0,10.0,10.0,10.0,10.0,10.0,10.0
mean,0.8665999999999998,0.8665999999999998,-0.1938524801543309,0.6340581365538381,-0.05810420933200946,-0.06522102057262864,-0.03709405722591168,0.01839404534383223,1.0
std,0.01047960983158354,0.01047960983158354,0.021515685889733044,0.034610486000528795,0.035351019179082684,0.01761094756433533,0.022394633892499446,0.0429406501698028,0.0
min,0.848,0.848,-0.2462889851559406,0.5529319508582382,-0.12374001582157346,-0.09692510380619981,-0.06313163619133767,-0.041952707856598034,1.0
25%,0.86075,0.86075,-0.20023983324336142,0.6258640691733255,-0.06793565189448739,-0.0755279840471905,-0.054237922657532786,-0.00361999825343429,1.0
50%,0.868,0.868,-0.19041849385763956,0.6385615947095145,-0.047639733961181985,-0.06104848253601998,-0.042801437272870405,0.016640846151806277,1.0
75%,0.87375,0.87375,-0.17902343932742254,0.6552128533644346,-0.03897419590982881,-0.05318487775316215,-0.017660947062771555,0.036786249173772656,1.0
max,0.882,0.882,-0.1705707291316661,0.6701999194955051,-0.008244820696182598,-0.04300442543958235,-0.005096737350985585,0.11233830845771145,1.0
