,accuracies,acc_m,statistical_parity_difference,disparate_impact,equal_opportunity_difference,average_odds_difference,average_predictive_value_difference,false_discovery_rate_difference,seed
count,10.0,10.0,10.0,10.0,10.0,10.0,10.0,10.0,10.0
mean,0.8642,0.8642,-0.2304588633555706,0.5798439381698293,-0.07192669720905853,-0.08078566306370723,-0.04406225680236263,0.021165246451056746,1.0
std,0.01230898497485115,0.01230898497485115,0.021895598030327923,0.03186501968199955,0.042796281192872036,0.025136175198708127,0.026379265459405873,0.03992282333080152,0.0
min,0.837,0.837,-0.28626514506058026,0.503741046106053,-0.14588282869130065,-0.11943513743359074,-0.07363303807698825,-0.02337164750957854,1.0
25%,0.85775,0.85775,-0.23162735616322494,0.5753191252532858,-0.10539153872788828,-0.10215041277720602,-0.06580438698610044,-0.011775956016412008,1.0
50%,0.8674999999999999,0.8674999999999999,-0.2253572451184779,0.5894453036010164,-0.06176014671528063,-0.07759971027930158,-0.05354796542625703,0.011430500048978519,1.0
75%,0.8705,0.8705,-0.21951304037276814,0.599426086924544,-0.03961483917255215,-0.060811891675076224,-0.023370625793654336,0.0455067958357432,1.0
max,0.881,0.881,-0.20661930590889455,0.6093385214007783,-0.01860554534968173,-0.04443283703143568,-0.004954039862576441,0.09884777144563622,1.0
