,accuracies,acc_m,statistical_parity_difference,disparate_impact,equal_opportunity_difference,average_odds_difference,average_predictive_value_difference,false_discovery_rate_difference,seed
count,10.0,10.0,10.0,10.0,10.0,10.0,10.0,10.0,10.0
mean,0.8685,0.8685,-0.2786667635274699,0.5115154366072466,-0.09371676702066159,-0.09879654934254266,-0.05053715030019851,0.027478695251068608,1.0
std,0.01088577052853863,0.01088577052853863,0.018594711461607686,0.02876631829186014,0.03645476772128866,0.022170840846289532,0.022496977779000043,0.03682130078018429,0.0
min,0.846,0.846,-0.3102812411249645,0.4694508470866648,-0.1370092254880927,-0.12509146466444038,-0.0839860276344353,-0.023790837948740942,1.0
25%,0.8614999999999999,0.8614999999999999,-0.2918366693304276,0.4914608439230047,-0.1250121865882619,-0.11556929366432654,-0.06591105636633893,0.008404413662169135,1.0
50%,0.871,0.871,-0.27948852095933363,0.5142151121415435,-0.10330656452824011,-0.10262248185041911,-0.0481779491996317,0.02315120112303115,1.0
75%,0.8765000000000001,0.8765000000000001,-0.2605827539689326,0.5269549998351413,-0.06157199561997606,-0.08560165527027017,-0.03499033762843052,0.03928632177831294,1.0
max,0.882,0.882,-0.2565565794057931,0.555853663609326,-0.03478835978835981,-0.05795542817593448,-0.013889323405728245,0.08882843200760031,1.0
