,accuracies,acc_m,statistical_parity_difference,disparate_impact,equal_opportunity_difference,average_odds_difference,average_predictive_value_difference,false_discovery_rate_difference,seed
count,10.0,10.0,10.0,10.0,10.0,10.0,10.0,10.0,10.0
mean,0.8674,0.8674,-0.2964023973999697,0.4879967035162707,-0.09913624659703019,-0.10620870505520519,-0.05505881515167985,0.02829942814775683,1.0
std,0.010595596569644716,0.010595596569644716,0.02388372959455459,0.03193412859380268,0.03647296883999675,0.02532792027827627,0.016546973393787752,0.027907488357420553,0.0
min,0.844,0.844,-0.33427333709334833,0.4417635270541082,-0.1566139857111929,-0.14283328452703647,-0.08668306120479313,-0.0005315967838394609,1.0
25%,0.86325,0.86325,-0.30968018173686773,0.4706079017768431,-0.12228682458452081,-0.12251449111857224,-0.06516965657559332,0.00640209064363869,1.0
50%,0.868,0.868,-0.29928729843421364,0.47903741747816647,-0.0930264235845849,-0.10673906038809923,-0.054205636282468495,0.019407114624505922,1.0
75%,0.876,0.876,-0.2753098938648381,0.5107388690660346,-0.07806139490549849,-0.09171378620777608,-0.044356205648599815,0.046298129510835166,1.0
max,0.879,0.879,-0.2646234647964003,0.5373848780897462,-0.04893485643717199,-0.06060806831863716,-0.03220375268430188,0.07486702127659574,1.0
