,accuracies,acc_m,statistical_parity_difference,disparate_impact,equal_opportunity_difference,average_odds_difference,average_predictive_value_difference,false_discovery_rate_difference,seed
count,10.0,10.0,10.0,10.0,10.0,10.0,10.0,10.0,10.0
mean,0.8667999999999999,0.8667999999999999,-0.30399903690365854,0.47854552081654766,-0.10864027714704765,-0.11178899443704811,-0.055525390649166825,0.03196852977698094,1.0
std,0.010850499220466013,0.010850499220466013,0.024074030609463226,0.030800586373464646,0.040500496092978185,0.02658117515025024,0.019605427568443464,0.030374424154832082,0.0
min,0.845,0.845,-0.3482533930135721,0.42982042516405355,-0.18032258064516127,-0.15665295988176148,-0.08036500348224768,0.002150537634408617,1.0
25%,0.86225,0.86225,-0.31725056457812795,0.45822563964592994,-0.1407466426891776,-0.12797813056229468,-0.07226635376966578,0.00821877240061842,1.0
50%,0.867,0.867,-0.30332138798969344,0.47424926136864737,-0.10110721014411178,-0.1100804594678085,-0.05701267618402164,0.02150357632399255,1.0
75%,0.87425,0.87425,-0.2851909783418134,0.5039984009298392,-0.07285391864683335,-0.0961501041521065,-0.041047508047408365,0.062295055156932164,1.0
max,0.88,0.88,-0.27251765384061105,0.5252918287937743,-0.06522117350267498,-0.07320687756010658,-0.024161378793914653,0.07501135847342116,1.0
