,accuracies,acc_m,statistical_parity_difference,disparate_impact,equal_opportunity_difference,average_odds_difference,average_predictive_value_difference,false_discovery_rate_difference,seed
count,10.0,10.0,10.0,10.0,10.0,10.0,10.0,10.0,10.0
mean,0.8681000000000001,0.8681000000000001,-0.3054389746817605,0.4769845938969487,-0.1041358310472316,-0.11017454044496462,-0.05627348894314271,0.030106003271591648,1.0
std,0.010712920547948953,0.010712920547948953,0.023954572225455797,0.0305453746694356,0.03964652631486738,0.026218406470644502,0.01969324550974365,0.03403645412627175,0.0
min,0.846,0.846,-0.3502574010296042,0.4265393532162363,-0.17289473684210532,-0.15320292779995068,-0.08089331413431139,-0.012987012987012991,1.0
25%,0.86325,0.86325,-0.31784407233006595,0.462886007454394,-0.13354309139919135,-0.12894304763144557,-0.07198065244688014,0.0033897463308052295,1.0
50%,0.8694999999999999,0.8694999999999999,-0.30636325312692164,0.4709870657518114,-0.10081992986808214,-0.10885650591453319,-0.06124606844578536,0.024336425333696662,1.0
75%,0.87475,0.87475,-0.2852250176913014,0.5013269376917278,-0.0704223334574868,-0.09630462009584012,-0.041040958028419894,0.06346944204375148,1.0
max,0.883,0.883,-0.27652079230116416,0.5200389105058365,-0.05430478065857125,-0.06976584511210548,-0.025373598469968055,0.07773279352226721,1.0
