,accuracies,acc_m,statistical_parity_difference,disparate_impact,equal_opportunity_difference,average_odds_difference,average_predictive_value_difference,false_discovery_rate_difference,seed
count,10.0,10.0,10.0,10.0,10.0,10.0,10.0,10.0,10.0
mean,0.8683,0.8683,-0.30644319551447347,0.47541277693888145,-0.1056106689553998,-0.11089803581212823,-0.056031601736367606,0.03014520222616495,1.0
std,0.010573026477262272,0.010573026477262272,0.02410314131419858,0.03157581329803639,0.039296929143499915,0.026489188454622097,0.020774992120229683,0.035379677880982306,0.0
min,0.846,0.846,-0.3502574010296042,0.4265393532162363,-0.1681456953642384,-0.15091535926215008,-0.08409844233943958,-0.012987012987012991,1.0
25%,0.86425,0.86425,-0.32145356845409695,0.4603554737418292,-0.13616793838180247,-0.12929715528017077,-0.07216533882746759,-1.2039569248292747e-06,1.0
50%,0.8685,0.8685,-0.30733601577283604,0.4693224085478875,-0.10682092162823864,-0.10894305214934814,-0.06044493113947943,0.02453549963818081,1.0
75%,0.87575,0.87575,-0.2852250176913014,0.5000006126333696,-0.0704223334574868,-0.09709374610727704,-0.04137971141595377,0.06251683099509188,1.0
max,0.882,0.882,-0.27652079230116416,0.5200389105058365,-0.05430478065857125,-0.06907075082979555,-0.023444435710561685,0.08414304993252363,1.0
