,accuracies,acc_m,statistical_parity_difference,disparate_impact,equal_opportunity_difference,average_odds_difference,average_predictive_value_difference,false_discovery_rate_difference,seed
count,10.0,10.0,10.0,10.0,10.0,10.0,10.0,10.0,10.0
mean,0.8592657189904896,0.8592657189904896,-0.2357828125482191,0.4771112977187899,-0.10888942860897308,-0.0917767515261311,-0.0418768206671981,0.021839288670511797,1.0
std,0.01629091671541103,0.01629091671541103,0.08487241265970154,0.18599723849516495,0.17875113501839554,0.08929366429943258,0.0570582660138607,0.12687493896622357,0.0
min,0.8351648351648352,0.8351648351648352,-0.32375249500998005,0.29170305676855895,-0.3823953823953824,-0.226983757278578,-0.14967721421841274,-0.13901345291479822,1.0
25%,0.8496076553416003,0.8496076553416003,-0.2969886756039496,0.341780487804878,-0.2607978590988299,-0.16127690573989115,-0.07130130335101724,-0.04689859117490697,1.0
50%,0.8598901098901099,0.8598901098901099,-0.2528245417134306,0.42993175050115295,-0.043443386746085444,-0.04608155247928311,-0.04184539497358315,-0.001758318390117558,1.0
75%,0.8733944954128441,0.8733944954128441,-0.22312991778017227,0.5156941367675546,0.04238986367079017,-0.018552307185821487,-0.01585553134220831,0.09664847161572052,1.0
max,0.8809523809523809,0.8809523809523809,-0.054387763821242385,0.8866731950502983,0.08150470219435735,-0.011309700937360515,0.06184094396912275,0.27370417193426044,1.0
