,accuracies,acc_m,statistical_parity_difference,disparate_impact,equal_opportunity_difference,average_odds_difference,average_predictive_value_difference,false_discovery_rate_difference,FN-TN,FP-TP,seed
count,10.0,10.0,10.0,10.0,10.0,10.0,10.0,10.0,10.0,10.0,10.0
mean,0.8325933132849814,0.8325933132849814,-0.06436646110016062,0.6576348621834791,-0.08724938369775764,-0.05526592812875638,-0.02482778711681545,0.025021254570326702,0.0,0.0,1.0
std,0.001831761986004451,0.001831761986004451,0.01613166637284293,0.07611882883895882,0.04061047618208496,0.023288729027902213,0.02219604059061532,0.04474318074000582,0.0,0.0,0.0
min,0.8290288342473023,0.8290288342473023,-0.08994287725356298,0.5501113058305309,-0.14805529953917052,-0.08893224879186012,-0.05851091485152334,-0.04069767441860467,0.0,0.0,1.0
25%,0.8319476384220768,0.8319476384220768,-0.07615661310878512,0.592729278275755,-0.10790881243733688,-0.07257782437634594,-0.037026658337377366,-0.013375647990616649,0.0,0.0,1.0
50%,0.8326110030072528,0.8326110030072528,-0.05966247326226169,0.6768449343909255,-0.09776263680821357,-0.05613199332910296,-0.026911977918497924,0.032332061099033416,0.0,0.0,1.0
75%,0.8331416946753936,0.8331416946753936,-0.05205459644477251,0.717299361374491,-0.05833274292389318,-0.03796378645697258,-0.009653715069506607,0.05203409977752939,0.0,0.0,1.0
max,0.8360162745444897,0.8360162745444897,-0.04264103731561758,0.7619112659564976,-0.011304122374902748,-0.01798638199539113,0.0058317966343941485,0.0927168904027249,0.0,0.0,1.0
