,accuracies,acc_m,statistical_parity_difference,disparate_impact,equal_opportunity_difference,average_odds_difference,average_predictive_value_difference,false_discovery_rate_difference,FN-TN,FP-TP,seed
count,10.0,10.0,10.0,10.0,10.0,10.0,10.0,10.0,10.0,10.0,10.0
mean,0.8317353617548205,0.8317353617548205,-0.09546282997689177,0.5161187458471446,-0.09628017086839129,-0.06663171876307504,-0.0425241157959564,0.031937659670401394,0.0,0.0,1.0
std,0.0029219889697247488,0.0029219889697247488,0.012739220962310071,0.05175630102116928,0.03475873277099518,0.021060744049028753,0.025672131428383593,0.04486434366621278,0.0,0.0,0.0
min,0.8256677870157438,0.8256677870157438,-0.11279231945353765,0.4553075109759385,-0.14462328846465722,-0.10048595820065215,-0.07071370070920818,-0.04255037991410637,0.0,0.0,1.0
25%,0.831638068282328,0.831638068282328,-0.10318307998892595,0.48600895933896354,-0.12263812216891155,-0.07763742666577839,-0.06388698228973085,-0.002139769786783055,0.0,0.0,1.0
50%,0.8329205731470016,0.8329205731470016,-0.09846899553736263,0.5087564556576425,-0.1056901625071501,-0.07066290335840322,-0.046060643919140234,0.03549148905731195,0.0,0.0,1.0
75%,0.8332301432867504,0.8332301432867504,-0.0869990777652663,0.5441056643155522,-0.061327243060750755,-0.04958128821070984,-0.02482660520983572,0.06984177436268224,0.0,0.0,1.0
max,0.834954891208208,0.834954891208208,-0.0694521969412853,0.6266896529548676,-0.05132515955660055,-0.03856063397684072,0.003497562121836849,0.08687258687258687,0.0,0.0,1.0
