,accuracies,acc_m,statistical_parity_difference,disparate_impact,equal_opportunity_difference,average_odds_difference,average_predictive_value_difference,false_discovery_rate_difference,FN-TN,FP-TP,seed
count,10.0,10.0,10.0,10.0,10.0,10.0,10.0,10.0,10.0,10.0,10.0
mean,0.6380952380952382,0.6380952380952382,-0.10272861490011657,0.8918767588089631,-0.01821075351435173,-0.07212954161963024,-0.19329556517245652,0.18278160653538922,0.0,0.0,1.0
std,0.04282773829597474,0.04282773829597474,0.06612458113785928,0.06903980851876357,0.038256540757753664,0.06293611722128427,0.2205934268822817,0.04776913042751915,0.0,0.0,0.0
min,0.5428571428571428,0.5428571428571428,-0.17424798239178285,0.8149337615415495,-0.09090909090909094,-0.14380952380952383,-0.6228070175438597,0.08444444444444443,0.0,0.0,1.0
25%,0.6285714285714286,0.6285714285714286,-0.15089514066496162,0.8483695652173913,-0.04196428571428576,-0.13128882212933937,-0.2310684336627733,0.15136021397934746,0.0,0.0,1.0
50%,0.638095238095238,0.638095238095238,-0.12372073000165429,0.8645110218000244,-0.005688227314913974,-0.0764444741107145,-0.10783035508858042,0.19874736400277127,0.0,0.0,1.0
75%,0.6690476190476191,0.6690476190476191,-0.06379789591340496,0.9313260230235867,0.0,-0.0287626846837373,-0.07862105985560468,0.2113813474107592,0.0,0.0,1.0
max,0.6952380952380952,0.6952380952380952,0.015873015873015817,1.0169491525423728,0.030303030303030276,0.034545454545454546,0.04060573572768694,0.24561403508771928,0.0,0.0,1.0
