,accuracies,acc_m,statistical_parity_difference,disparate_impact,equal_opportunity_difference,average_odds_difference,average_predictive_value_difference,false_discovery_rate_difference,FN-TN,FP-TP,seed
count,10.0,10.0,10.0,10.0,10.0,10.0,10.0,10.0,10.0,10.0,10.0
mean,0.8934503644389693,0.8934503644389693,-0.16867334677360968,0.20184588456549343,-0.06255666429323574,-0.09136253681573604,-0.14898426849541044,-0.004209539571406023,0.0,0.0,1.0
std,0.002659659408740199,0.002659659408740199,0.03166179741307717,0.03184158518247363,0.05818441037533808,0.03706566562133968,0.01934590463607321,0.04930020477619457,0.0,0.0,0.0
min,0.8897443794271636,0.8897443794271636,-0.22467338230765843,0.14825314766947387,-0.12761714016426548,-0.1471557035701176,-0.18587511721402128,-0.07388098999473408,0.0,0.0,1.0
25%,0.8920285391643569,0.8920285391643569,-0.1900974567076305,0.1828153289348232,-0.11763745368557113,-0.12179725254021312,-0.16006630855932877,-0.03768279317934514,0.0,0.0,1.0
50%,0.8930294630941382,0.8930294630941382,-0.16323056667416944,0.20180866864327074,-0.05971828751381961,-0.07965458006674937,-0.14726708968915878,-0.009159928146863255,0.0,0.0,1.0
75%,0.895159634534442,0.895159634534442,-0.14605668440919997,0.21321934299650497,-0.03898022193405832,-0.07577166020873377,-0.133881312232429,0.03134293299098112,0.0,0.0,1.0
max,0.8979570885946001,0.8979570885946001,-0.12723626111235042,0.2592022130792043,0.03136378682555446,-0.03977704277724341,-0.12248783627274049,0.07066167290886394,0.0,0.0,1.0
