,accuracies,acc_m,statistical_parity_difference,disparate_impact,equal_opportunity_difference,average_odds_difference,average_predictive_value_difference,false_discovery_rate_difference,FN-TN,FP-TP,seed
count,10.0,10.0,10.0,10.0,10.0,10.0,10.0,10.0,10.0,10.0,10.0
mean,0.6261682242990653,0.6261682242990653,-0.1764430819346925,0.7659730165420143,-0.10558014256112899,-0.17097408569290667,-0.16074514924021438,0.10029890255740652,1.0,0.0,1.0
std,0.03376866571445296,0.03376866571445296,0.04455930514972348,0.05324513171415657,0.08502768100944232,0.04713812966851033,0.05489395945210618,0.09092168324876704,0.0,0.0,0.0
min,0.5747663551401869,0.5747663551401869,-0.2404761904761905,0.6994047619047619,-0.2251604621309371,-0.23085265631463803,-0.23633241758241758,-0.05581395348837209,1.0,0.0,1.0
25%,0.6039719626168224,0.6039719626168224,-0.2047797772873999,0.7335315633733355,-0.1516632404680085,-0.1972920574249478,-0.20534891704908914,0.03928652250440031,1.0,0.0,1.0
50%,0.6331775700934579,0.6331775700934579,-0.18446756216751198,0.7536786604716001,-0.11525738484501369,-0.1740920150551235,-0.152303461258643,0.10144241663998502,1.0,0.0,1.0
75%,0.6460280373831776,0.6460280373831776,-0.1377041613725636,0.8055956075892089,-0.05265204919176972,-0.1576086178048294,-0.11897149573416856,0.15608141858141858,1.0,0.0,1.0
max,0.6822429906542056,0.6822429906542056,-0.10646802325581395,0.8550222662048491,0.031620553359683834,-0.0734634551495017,-0.08990095828793343,0.22974631751227492,1.0,0.0,1.0
