,accuracies,acc_m,statistical_parity_difference,disparate_impact,equal_opportunity_difference,average_odds_difference,average_predictive_value_difference,false_discovery_rate_difference,FN-TN,FP-TP,seed
count,10.0,10.0,10.0,10.0,10.0,10.0,10.0,10.0,10.0,10.0,10.0
mean,0.6308411214953271,0.6308411214953271,-0.196737877722319,0.7346637959272133,-0.12256323182200382,-0.18500138487895157,-0.1540051201597886,0.09755888072593485,0.0,0.0,1.0
std,0.03412601604393559,0.03412601604393559,0.030872829178455997,0.04134572697213275,0.06846873863762272,0.03486173825186188,0.0695360418659346,0.09636436325939533,0.0,0.0,0.0
min,0.5887850467289719,0.5887850467289719,-0.2389805097451274,0.6668060200668897,-0.24444444444444446,-0.23627145821543108,-0.24181940817564138,-0.01704694466299503,0.0,0.0,1.0
25%,0.602803738317757,0.602803738317757,-0.21637013388700677,0.7018018143791475,-0.156304995635862,-0.20395547797769326,-0.2271045274170274,0.030119778493921827,0.0,0.0,1.0
50%,0.6378504672897196,0.6378504672897196,-0.2024524771003644,0.7410624570832451,-0.1241041433370661,-0.1901867084238824,-0.13071532269373853,0.07582648573025477,0.0,0.0,1.0
75%,0.647196261682243,0.647196261682243,-0.17303426844566086,0.7559097480493968,-0.07096805813911078,-0.17192327515024614,-0.09829916864977842,0.15313760899548823,0.0,0.0,1.0
max,0.6822429906542056,0.6822429906542056,-0.15009656948404304,0.7972922618308285,-0.029148936170212747,-0.11997330834540137,-0.06701215191592097,0.271473075211393,0.0,0.0,1.0
