,accuracies,acc_m,statistical_parity_difference,disparate_impact,equal_opportunity_difference,average_odds_difference,average_predictive_value_difference,false_discovery_rate_difference,FN-TN,FP-TP,seed
count,10.0,10.0,10.0,10.0,10.0,10.0,10.0,10.0,10.0,10.0,10.0
mean,0.6093457943925233,0.6093457943925233,-0.0714543103500226,0.9219447762023787,-0.02909758081299073,-0.07249328269175496,-0.19648047720371142,0.14095281367169632,1.0,0.0,1.0
std,0.02848381171504664,0.02848381171504664,0.10357824298184633,0.13538241806233856,0.09856589379157255,0.16229362689706037,0.0848131515673762,0.07994460676316699,0.0,0.0,0.0
min,0.5654205607476636,0.5654205607476636,-0.18876811594202902,0.797748447204969,-0.177846425419241,-0.23112659698025556,-0.3452008106116433,0.015081967213114722,1.0,0.0,1.0
25%,0.5922897196261682,0.5922897196261682,-0.1561068497386628,0.8139061207609595,-0.09685260095096165,-0.18259525438461244,-0.23855859053227468,0.1020177615254016,1.0,0.0,1.0
50%,0.6098130841121495,0.6098130841121495,-0.10745757871204731,0.860608059416611,-0.0300029222676797,-0.14269517092532627,-0.19673940856725755,0.12624384578045905,1.0,0.0,1.0
75%,0.6214953271028038,0.6214953271028038,0.010353343465045628,1.0182235457711382,0.05113960113960117,0.0096118479777796,-0.13438417074231207,0.17014831947037853,1.0,0.0,1.0
max,0.6588785046728972,0.6588785046728972,0.10294376872906752,1.1679608858211101,0.10491803278688527,0.2598320693391116,-0.08646437905169196,0.30614704700683004,1.0,0.0,1.0
