,accuracies,acc_m,statistical_parity_difference,disparate_impact,equal_opportunity_difference,average_odds_difference,average_predictive_value_difference,false_discovery_rate_difference,FN-TN,FP-TP,seed
count,10.0,10.0,10.0,10.0,10.0,10.0,10.0,10.0,10.0,10.0,10.0
mean,0.7865109370780449,0.7865109370780449,0.03665688200517749,1.0445900672868074,0.023823092341585826,0.03199021915895709,0.017671335369419013,-0.021773842633716803,0.0,0.0,1.0
std,0.005949800271345067,0.005949800271345067,0.009690489177520698,0.012047661179826086,0.010899206400090459,0.012413197454172938,0.018662979525265216,0.008487034078139952,0.0,0.0,0.0
min,0.7780178233864434,0.7780178233864434,0.015295223329533703,1.018284089174756,0.002138744698504058,0.006428921534600507,-0.015162248624739416,-0.03349477598555442,0.0,0.0,1.0
25%,0.7835876316500135,0.7835876316500135,0.03820847873626093,1.0464301898108204,0.018853942904621196,0.029832553290981736,0.014399979238880416,-0.027109458861550223,0.0,0.0,1.0
50%,0.784229003510667,0.784229003510667,0.0389007918887167,1.0472060173660498,0.024145555414775977,0.034856754200121354,0.021140436566366036,-0.021445285352660506,0.0,0.0,1.0
75%,0.789123683499865,0.789123683499865,0.039976450357499804,1.0485030137623135,0.02750297414044206,0.037526319697547814,0.02540620488561679,-0.016996792257604705,0.0,0.0,1.0
max,0.7974615176883608,0.7974615176883608,0.05065227524598903,1.0625830348860321,0.043798232339736676,0.04690677854309455,0.04237854773546115,-0.006311416421399346,0.0,0.0,1.0
