,accuracies,acc_m,statistical_parity_difference,disparate_impact,equal_opportunity_difference,average_odds_difference,average_predictive_value_difference,false_discovery_rate_difference,FN-TN,FP-TP,seed
count,10.0,10.0,10.0,10.0,10.0,10.0,10.0,10.0,10.0,10.0,10.0
mean,0.8008016032064129,0.8008016032064129,-0.5515938820458456,0.14964964132938305,-0.38202705891090927,-0.3448825111255171,-0.14570990261241415,0.14177996568418402,0.0,0.0,1.0
std,0.012539959952178839,0.012539959952178839,0.04906321227724381,0.05657977364943785,0.09985116159730326,0.06696164046974172,0.09414074863800657,0.17200956709161894,0.0,0.0,0.0
min,0.7835671342685371,0.7835671342685371,-0.6293195582472391,0.08638392857142857,-0.5661407766990292,-0.4380265089615758,-0.277724891944264,-0.22692307692307692,0.0,0.0,1.0
25%,0.7925851703406814,0.7925851703406814,-0.5849080478231627,0.11494641008737258,-0.4336916456595372,-0.38908867989919926,-0.1941819328054109,0.07567257217847766,0.0,0.0,1.0
50%,0.7995991983967936,0.7995991983967936,-0.5582727868813951,0.12488068656983023,-0.3828312808629922,-0.358147336065825,-0.1438192112116723,0.1547869544321288,0.0,0.0,1.0
75%,0.8096192384769539,0.8096192384769539,-0.5268090242508653,0.18954089914905886,-0.3339586079206678,-0.30724661161632205,-0.11122052895824233,0.26006436825496126,0.0,0.0,1.0
max,0.8196392785571143,0.8196392785571143,-0.46499879139473055,0.2582610372084056,-0.2138566279535442,-0.2154134713216568,0.0541181041181041,0.36961181233627055,0.0,0.0,1.0
