,accuracies,acc_m,statistical_parity_difference,disparate_impact,equal_opportunity_difference,average_odds_difference,average_predictive_value_difference,false_discovery_rate_difference,FN-TN,FP-TP,seed
count,10.0,10.0,10.0,10.0,10.0,10.0,10.0,10.0,10.0,10.0,10.0
mean,0.8075066666666666,0.8075066666666666,-0.013469832072158993,0.8805520772211729,0.0010119535160621669,-0.0034681005479731365,-0.013739919259074885,0.00043856914084857145,0.0,0.0,1.0
std,0.0049371556763828685,0.0049371556763828685,0.007571574362259237,0.061327565122672296,0.02082005386502881,0.01216662787636759,0.014203467351674593,0.025325946644030456,0.0,0.0,0.0
min,0.7998666666666666,0.7998666666666666,-0.02421888069547541,0.7978811950947825,-0.021522094926350266,-0.01609984819087762,-0.03407971549290871,-0.03666594687972363,0.0,0.0,1.0
25%,0.8039666666666667,0.8039666666666667,-0.019224703734528843,0.8289308142704751,-0.01391495501628344,-0.013702628022407286,-0.023947184844698096,-0.01739487545194092,0.0,0.0,1.0
50%,0.8074,0.8074,-0.013001321945486762,0.8848061496762283,-0.007841018307496866,-0.0071123253671204565,-0.015494701818168338,-0.0003581360706538528,0.0,0.0,1.0
75%,0.8099666666666667,0.8099666666666667,-0.006469990355269836,0.9386741514666594,0.016255227273949013,0.005722279409906674,-0.003914341954163122,0.011257319458251813,0.0,0.0,1.0
max,0.8157333333333333,0.8157333333333333,-0.004717755958238673,0.9491023461136258,0.036630690278991324,0.014743484691750627,0.012497213525653444,0.04044754186611571,0.0,0.0,1.0
