,accuracies,acc_m,statistical_parity_difference,disparate_impact,equal_opportunity_difference,average_odds_difference,average_predictive_value_difference,false_discovery_rate_difference,FN-TN,FP-TP,seed
count,10.0,10.0,10.0,10.0,10.0,10.0,10.0,10.0,10.0,10.0,10.0
mean,0.7229166666666667,0.7229166666666667,-0.3110609292770123,0.5922211103685192,-0.3045726033512721,-0.2249030922938061,-0.09492881104192383,0.19616461424887902,0.0,0.0,1.0
std,0.036234431522762685,0.036234431522762685,0.10799310546771572,0.12919559454923116,0.1663027724090784,0.12470868531389544,0.07207985026185137,0.07089009152834409,0.0,0.0,0.0
min,0.640625,0.640625,-0.4421292992721564,0.40911691779515547,-0.4890034364261168,-0.3855273592386994,-0.19501569858712714,0.1,0.0,0.0,1.0
25%,0.7109375,0.7109375,-0.4102754763877382,0.4852417555169849,-0.4689156570936597,-0.33460767869668,-0.14067173171298253,0.15097611003861003,0.0,0.0,1.0
50%,0.7265625,0.7265625,-0.31218851715001994,0.594654205936606,-0.2807425742574257,-0.2112023413670634,-0.10666389528659206,0.19282037139179997,0.0,0.0,1.0
75%,0.734375,0.734375,-0.21738400488400494,0.6976190476190476,-0.22873590652845974,-0.12624813185302045,-0.06018957143888425,0.2338512512095638,0.0,0.0,1.0
max,0.7708333333333334,0.7708333333333334,-0.14810882548108828,0.7970909090909091,-0.0359848484848484,-0.052218614718614664,0.035212355212355245,0.3349514563106796,0.0,0.0,1.0
