,accuracies,acc_m,statistical_parity_difference,disparate_impact,equal_opportunity_difference,average_odds_difference,average_predictive_value_difference,false_discovery_rate_difference,FN-TN,FP-TP,seed
count,10.0,10.0,10.0,10.0,10.0,10.0,10.0,10.0,10.0,10.0,10.0
mean,0.7223059598059598,0.7223059598059598,0.0006130532657023901,1.000671246293525,-0.0001397201550654703,0.001626682567598392,-0.002164288956319693,0.0058024845076972255,1.0,0.0,1.0
std,0.003109412951177561,0.003109412951177561,0.008153974170606858,0.008858146598808146,0.010139366293836523,0.007452049938303907,0.020307773427248422,0.006116404339182503,0.0,0.0,0.0
min,0.7158697158697158,0.7158697158697158,-0.012618549695111225,0.9862933781993294,-0.01314666123028485,-0.014940946265741606,-0.023916125537778943,0.00031664631624409023,1.0,0.0,1.0
25%,0.7212404712404713,0.7212404712404713,-0.005324024030722824,0.9942351761981354,-0.007837487383186043,-0.0002468733085100594,-0.014711097314409158,0.0013738596660432603,1.0,0.0,1.0
50%,0.7227130977130978,0.7227130977130978,-0.0006534694969566601,0.9992916127016997,-0.0028405834097097182,0.0037888289962871025,-0.0082153446879292,0.0038369298150913306,1.0,0.0,1.0
75%,0.7233844421344422,0.7233844421344422,0.00748783401391076,1.0081546568320914,0.008002206714345012,0.006852458466825223,0.003329044562031133,0.006618195318480152,1.0,0.0,1.0
max,0.7272176022176022,0.7272176022176022,0.011680395842547542,1.01268254323185,0.014453361501500672,0.009130582477194837,0.03279444865156411,0.016781409350166587,1.0,0.0,1.0
