,accuracies,acc_m,statistical_parity_difference,disparate_impact,equal_opportunity_difference,average_odds_difference,average_predictive_value_difference,false_discovery_rate_difference,FN-TN,FP-TP,seed
count,10.0,10.0,10.0,10.0,10.0,10.0,10.0,10.0,10.0,10.0,10.0
mean,0.7794491525423728,0.7794491525423728,-0.05410294538799426,0.9434286896307729,-0.04153539411076286,-0.04759804616700809,-0.09466120193432663,0.11383954623762631,0.0,1.0,1.0
std,0.011961951046808573,0.011961951046808573,0.027319705405621002,0.02869166172535158,0.023404318626390794,0.03991902974063618,0.06858275860986038,0.028894384821781385,0.0,0.0,0.0
min,0.7627118644067796,0.7627118644067796,-0.09228835622587306,0.9014192558496356,-0.07296113847837982,-0.10285059472693603,-0.2132832738131472,0.06951735277240556,0.0,1.0,1.0
25%,0.7717161016949153,0.7717161016949153,-0.07128992290343181,0.9256606782745885,-0.05576984892317585,-0.07770534505406733,-0.13957865256000626,0.09585601733082943,0.0,1.0,1.0
50%,0.777542372881356,0.777542372881356,-0.05321442043433744,0.9441687066922488,-0.046814013866381676,-0.05190011201040612,-0.09069773248488353,0.10718888366982703,0.0,1.0,1.0
75%,0.7891949152542372,0.7891949152542372,-0.04357880821959462,0.9543359975203135,-0.027987637362637374,-0.010772780627273937,-0.056701392922037755,0.13566687812684447,0.0,1.0,1.0
max,0.7966101694915254,0.7966101694915254,-0.012102276808159118,0.9875245252285937,0.004678688727768443,0.008372724089635852,0.029063849049937612,0.15573321429296108,0.0,1.0,1.0
