,accuracies,acc_m,statistical_parity_difference,disparate_impact,equal_opportunity_difference,average_odds_difference,average_predictive_value_difference,false_discovery_rate_difference,FN-TN,FP-TP,seed
count,10.0,10.0,10.0,10.0,10.0,10.0,10.0,10.0,10.0,10.0,10.0
mean,0.8883217477656405,0.8883217477656405,-0.006232341430818812,0.9364491808377318,0.04814001057375849,0.02264636080515095,-0.014392393341555992,0.003463620616772284,0.0,0.0,1.0
std,0.002786038981220422,0.002786038981220422,0.005266531463491584,0.053983571818953704,0.022974493815763875,0.012874404921000327,0.016345021818295846,0.027731521942168064,0.0,0.0,0.0
min,0.8824230387288977,0.8824230387288977,-0.014802087118337068,0.8451742804330604,0.005721631140399308,-0.0007078328308555131,-0.04533511796255757,-0.03419351983002833,0.0,0.0,1.0
25%,0.886891757696127,0.886891757696127,-0.0104705704495223,0.8950522035532491,0.03883180701362521,0.017188218315342924,-0.02028687034371234,-0.013563421594409195,0.0,0.0,1.0
50%,0.888480635551142,0.888480635551142,-0.006293960378147258,0.9379250038881559,0.05748336776137361,0.02661628317351278,-0.014225967475005211,0.0020943861040464418,0.0,0.0,1.0
75%,0.8904501820589209,0.8904501820589209,-0.0012727064819172441,0.9859462382574782,0.06340222635148612,0.0314716124919162,-0.00460189127621977,0.01227395807356449,0.0,0.0,1.0
max,0.8918901026150281,0.8918901026150281,0.00033376903182996687,1.0034519823060069,0.07309827185727436,0.036424935740053184,0.006859144346150314,0.0590577507598784,0.0,0.0,1.0
