,accuracies,acc_m,statistical_parity_difference,disparate_impact,equal_opportunity_difference,average_odds_difference,average_predictive_value_difference,false_discovery_rate_difference,FN-TN,FP-TP,seed
count,10.0,10.0,10.0,10.0,10.0,10.0,10.0,10.0,10.0,10.0,10.0
mean,0.6983999999999999,0.6983999999999999,-0.13863937147668198,0.8387760920059563,-0.08787501513765089,-0.14399903746572656,-0.07658514980779262,0.03588026793318917,0.0,0.0,1.0
std,0.03608385296007681,0.03608385296007681,0.05985323877888567,0.0708416673265961,0.10750451438565138,0.06169508313236533,0.11647385562769942,0.050369206197500564,0.0,0.0,0.0
min,0.652,0.652,-0.23714458560193585,0.70941438102298,-0.3129186602870814,-0.22238517557141824,-0.2147808262377799,-0.025616698292220103,0.0,0.0,1.0
25%,0.667,0.667,-0.1731301644092342,0.8064694451889574,-0.13017129828936758,-0.19727421227567496,-0.15219598202891796,-0.0054966608922698695,0.0,0.0,1.0
50%,0.704,0.704,-0.12421422884163169,0.8542649565833287,-0.058039161917754156,-0.148072360580143,-0.10489429080909174,0.02910362647670671,0.0,0.0,1.0
75%,0.715,0.715,-0.10395623037545618,0.8792369883868741,-0.025323290100745577,-0.0890044600170624,-0.045246804518345306,0.0703358289127518,0.0,0.0,1.0
max,0.768,0.768,-0.04714373464373456,0.945051011276177,0.03484320557491294,-0.05392273683518506,0.17635643405889884,0.12790039615166948,0.0,0.0,1.0
