,accuracies,acc_m,statistical_parity_difference,disparate_impact,equal_opportunity_difference,average_odds_difference,average_predictive_value_difference,false_discovery_rate_difference,FN-TN,FP-TP,seed
count,10.0,10.0,10.0,10.0,10.0,10.0,10.0,10.0,10.0,10.0,10.0
mean,0.8987476518472135,0.8987476518472135,0.014973820021155937,1.0156458115134988,0.006499239833979109,0.012402192542340002,0.022500002388279757,-0.03225349987924208,0.0,0.0,1.0
std,0.0019198133646532243,0.0019198133646532243,0.005817542001485152,0.006121432890748629,0.006001600451426763,0.022622178674778608,0.06719679403814262,0.00841471733448788,0.0,0.0,0.0
min,0.895742016280526,0.895742016280526,0.008862531916645988,1.0092747427034667,-0.0024038935093865232,-0.04511664702085261,-0.0907719543604946,-0.04085660475782976,0.0,0.0,1.0
25%,0.8975422667501565,0.8975422667501565,0.010337549693596126,1.0107888863365992,0.0012923187872439512,0.00906705875523632,-0.027692560528350174,-0.038019861105454064,0.0,0.0,1.0
50%,0.8987163431433938,0.8987163431433938,0.014565637065637072,1.015197880345351,0.008131596009574749,0.01667653957428261,0.030113900269100283,-0.03373544568937953,0.0,0.0,1.0
75%,0.9000469630557295,0.9000469630557295,0.0177326765643675,1.0184388006583707,0.011328449232341747,0.019507104576046264,0.0716432866595797,-0.030086917211986548,0.0,0.0,1.0
max,0.9016906700062617,0.9016906700062617,0.02669899791352548,1.028051422964353,0.013791291291291308,0.03838171972137516,0.11407671585513701,-0.0119503170256485,0.0,0.0,1.0
