,accuracies,acc_m,statistical_parity_difference,disparate_impact,equal_opportunity_difference,average_odds_difference,average_predictive_value_difference,false_discovery_rate_difference,FN-TN,FP-TP,seed
count,10.0,10.0,10.0,10.0,10.0,10.0,10.0,10.0,10.0,10.0,10.0
mean,0.948807837267114,0.948807837267114,-0.05022598034844803,0.10238071453791073,-0.2316416260289793,-0.12446634759238118,-0.04599159938894082,0.04622860623555662,0.0,0.0,1.0
std,0.0007980092011893185,0.0007980092011893185,0.0018121971283230572,0.008809117225688971,0.010191598433594209,0.005897373930100612,0.020257935137151864,0.04022920104182951,0.0,0.0,0.0
min,0.9469407393547352,0.9469407393547352,-0.052807497544537056,0.08835736419066215,-0.24856272118358466,-0.13425954951196487,-0.07822090402496704,-0.0320033313143549,0.0,0.0,1.0
25%,0.9488151880462965,0.9488151880462965,-0.051605051188865235,0.09743666657736184,-0.23663698318288706,-0.12782065065627832,-0.05761000638321713,0.02889184412781276,0.0,0.0,1.0
50%,0.9488853545748577,0.9488853545748577,-0.05022604136301263,0.10247107623754896,-0.2308515731011626,-0.1239906719533416,-0.04657511121564595,0.048431853239226885,0.0,0.0,1.0
75%,0.9493264013258133,0.9493264013258133,-0.04901922820907789,0.10582902528895827,-0.22417983371579994,-0.11982579092813854,-0.03717428566129882,0.0689434195249805,0.0,0.0,1.0
max,0.9496137499665873,0.9496137499665873,-0.04730375349506674,0.11933428887190412,-0.21880062677608692,-0.11664290479399289,-0.006643067105456948,0.11102722387529423,0.0,0.0,1.0
