,accuracies,acc_m,statistical_parity_difference,disparate_impact,equal_opportunity_difference,average_odds_difference,average_predictive_value_difference,false_discovery_rate_difference,FN-TN,FP-TP,seed
count,10.0,10.0,10.0,10.0,10.0,10.0,10.0,10.0,10.0,10.0,10.0
mean,0.9488773355430222,0.9488773355430222,-0.020907438133549457,0.36662958459334793,-0.11501359353534726,-0.06073464291031781,-0.03354267606100669,0.04817227129578583,0.0,0.0,1.0
std,0.0008266777203217651,0.0008266777203217651,0.002028135061463657,0.04449521929225236,0.01801212874144577,0.00945925307334336,0.02646255576624195,0.052810064933730104,0.0,0.0,0.0
min,0.9469674694608538,0.9469674694608538,-0.025166172840024946,0.2779713392683103,-0.14378872385449668,-0.07673306164478573,-0.06208272179277103,-0.040132250008793224,0.0,0.0,1.0
25%,0.9488452594156799,0.9488452594156799,-0.021825818857335276,0.3428401451771136,-0.12838361210681246,-0.06780266634122477,-0.05675567288880721,0.02306950510129746,0.0,0.0,1.0
50%,0.9490190051054503,0.9490190051054503,-0.020491565017602693,0.3784801386076964,-0.1125635362464919,-0.058779411196770964,-0.03902879462648812,0.05979583741090663,0.0,0.0,1.0
75%,0.9492695998503115,0.9492695998503115,-0.01966694134092413,0.39457771182531387,-0.10421513423843212,-0.05572684784055842,-0.02049777191846881,0.0939783891322962,0.0,0.0,1.0
max,0.9499746063991874,0.9499746063991874,-0.018251372021951033,0.4247149195593575,-0.09165024230760316,-0.048331724837734666,0.010985277526815232,0.10699677779969752,0.0,0.0,1.0
