,accuracies,acc_m,statistical_parity_difference,disparate_impact,equal_opportunity_difference,average_odds_difference,average_predictive_value_difference,false_discovery_rate_difference,FN-TN,FP-TP,seed
count,10.0,10.0,10.0,10.0,10.0,10.0,10.0,10.0,10.0,10.0,10.0
mean,0.6115852481173971,0.6115852481173971,-0.3668951799636739,0.4286104742289371,-0.341299997131367,-0.3335753509343774,-0.14423376174152963,0.13824986991529536,0.0,0.0,1.0
std,0.005090906114527281,0.005090906114527281,0.016706810679211214,0.025766587094032286,0.022700035888351004,0.015637356286314744,0.012117223062528057,0.02653874249044414,0.0,0.0,0.0
min,0.6045568642595096,0.6045568642595096,-0.39709845563870205,0.389531036155432,-0.37505304040345494,-0.3628271943246017,-0.165196999439775,0.10645392003269533,0.0,0.0,1.0
25%,0.6072600888202355,0.6072600888202355,-0.3762802871253783,0.40879677289639776,-0.35737997171994723,-0.3398936233550669,-0.1515171092495733,0.1139498727661559,0.0,0.0,1.0
50%,0.6116045568642595,0.6116045568642595,-0.3659692599330603,0.4289176835725449,-0.3351586650594788,-0.33810550768201303,-0.14335682834374563,0.13549897533886748,0.0,0.0,1.0
75%,0.6157559374396602,0.6157559374396602,-0.356790948531069,0.44308032688694615,-0.32731939351384803,-0.3243816915393798,-0.13652272873490884,0.1538084461185748,0.0,0.0,1.0
max,0.6180729870631396,0.6180729870631396,-0.33617157185862717,0.47726576286230543,-0.309981071319786,-0.3043748268562179,-0.12489752516407451,0.1822085925699093,0.0,0.0,1.0
