,accuracies,acc_m,statistical_parity_difference,disparate_impact,equal_opportunity_difference,average_odds_difference,average_predictive_value_difference,false_discovery_rate_difference,FN-TN,FP-TP,seed
count,10.0,10.0,10.0,10.0,10.0,10.0,10.0,10.0,10.0,10.0,10.0
mean,0.6112956169144622,0.6112956169144622,-0.22853755759149194,0.6783785803221594,-0.22358223853919532,-0.20500019350479887,-0.06185027214608363,0.09175258282641639,0.0,0.0,1.0
std,0.0043600064440321475,0.0043600064440321475,0.016718574800326427,0.02065190520307227,0.0203170149025597,0.018070131419929046,0.01630922061681165,0.014349902316657915,0.0,0.0,0.0
min,0.6059084765398726,0.6059084765398726,-0.25323789674999825,0.644864751804289,-0.2503513498072959,-0.22905786093651448,-0.0890762698986517,0.0676987909323562,0.0,0.0,1.0
25%,0.6081289824290403,0.6081289824290403,-0.2369616888303192,0.6689945238236357,-0.23742269467937285,-0.21422586186847825,-0.07057409059625633,0.0838211121829285,0.0,0.0,1.0
50%,0.6105425757868315,0.6105425757868315,-0.23101497508776467,0.6740949227270491,-0.22407928484552736,-0.20825474306948238,-0.06434982681541705,0.09097556226517498,0.0,0.0,1.0
75%,0.614693956362232,0.614693956362232,-0.22652966465867436,0.6836050606413723,-0.2124553571812561,-0.20347911120071457,-0.05162568754398191,0.098668775447946,0.0,0.0,1.0
max,0.6182660745317629,0.6182660745317629,-0.19341276463355095,0.7172052131994678,-0.1847778409691474,-0.16671479431643874,-0.037021679947057184,0.12092569699854877,0.0,0.0,1.0
