,accuracies,acc_m,statistical_parity_difference,disparate_impact,equal_opportunity_difference,average_odds_difference,average_predictive_value_difference,false_discovery_rate_difference,FN-TN,FP-TP,seed
count,10.0,10.0,10.0,10.0,10.0,10.0,10.0,10.0,10.0,10.0,10.0
mean,1.0,1.0,0.001138499257964143,1.0017842947613256,0.0,0.0,0.0,0.0,0.0,0.0,1.0
std,0.0,0.0,0.008123337522211758,0.012177466326334907,0.0,0.0,0.0,0.0,0.0,0.0,0.0
min,1.0,1.0,-0.016449630864491582,0.9755601160568962,0.0,0.0,0.0,0.0,0.0,0.0,1.0
25%,1.0,1.0,-0.003179657773307837,0.9951754204553875,0.0,0.0,0.0,0.0,0.0,0.0,1.0
50%,1.0,1.0,0.003577801159256544,1.0054301696139483,0.0,0.0,0.0,0.0,0.0,0.0,1.0
75%,1.0,1.0,0.0046146862348911966,1.006954582976495,0.0,0.0,0.0,0.0,0.0,0.0,1.0
max,1.0,1.0,0.012859580971206097,1.0194185825574769,0.0,0.0,0.0,0.0,0.0,0.0,1.0
