,accuracies,acc_m,statistical_parity_difference,disparate_impact,equal_opportunity_difference,average_odds_difference,average_predictive_value_difference,false_discovery_rate_difference,FN-TN,FP-TP,seed
count,10.0,10.0,10.0,10.0,10.0,10.0,10.0,10.0,10.0,10.0,10.0
mean,0.6166666666666666,0.6166666666666666,-0.7336030636030636,0.24561771561771564,-0.685,-0.7475595238095238,0.11235028860028859,-0.03480158730158729,0.0,0.0,1.0
std,0.08466021815305526,0.08466021815305526,0.23019707845255308,0.17501380827440316,0.2923352126296281,0.22694916792892889,0.29694698962159083,0.47135656617008675,0.0,0.0,0.0
min,0.5,0.5,-1.0,0.0,-1.0,-1.0,-0.35416666666666663,-0.5,0.0,0.0,1.0
25%,0.5694444444444444,0.5694444444444444,-0.875,0.125,-0.9583333333333334,-0.8892857142857143,-0.15625,-0.3214285714285714,0.0,0.0,1.0
50%,0.6111111111111112,0.6111111111111112,-0.7386363636363636,0.26136363636363635,-0.7333333333333334,-0.78125,0.2700396825396825,-0.25,0.0,0.0,1.0
75%,0.6666666666666666,0.6666666666666666,-0.701048951048951,0.29895104895104896,-0.5,-0.6928571428571428,0.33854166666666663,0.22499999999999998,0.0,0.0,1.0
max,0.7777777777777778,0.7777777777777778,-0.15584415584415584,0.6363636363636364,-0.15000000000000002,-0.18214285714285716,0.41666666666666663,0.8571428571428572,0.0,0.0,1.0
