,accuracies,acc_m,statistical_parity_difference,disparate_impact,equal_opportunity_difference,average_odds_difference,average_predictive_value_difference,false_discovery_rate_difference,FN-TN,FP-TP,seed
count,10.0,10.0,10.0,10.0,10.0,10.0,10.0,10.0,10.0,10.0,10.0
mean,0.5909033159700166,0.5909033159700166,0.05030945875637723,1.1544548378864719,0.05411863384891247,0.047281345985044874,0.01362651987102419,-0.015925119466969045,0.0,0.0,1.0
std,0.0036287414283338697,0.0036287414283338697,0.011814241212172864,0.03881329916607241,0.01792519191104713,0.012248572962506086,0.008547010612506602,0.015716510714353427,0.0,0.0,0.0
min,0.5853131749460043,0.5853131749460043,0.02682264336903223,1.0777747474621735,0.022625213246938003,0.022342817812875754,0.0014608936397768335,-0.034218154080854324,0.0,0.0,1.0
25%,0.588616440096557,0.588616440096557,0.04655222172055874,1.1421169655801064,0.040614973017084374,0.044246276168146,0.006864990396714767,-0.030511123203035423,0.0,0.0,1.0
50%,0.5904586456612884,0.5904586456612884,0.05260793053645069,1.1621046972906446,0.05946826460523119,0.04936266202943908,0.013932899993740866,-0.017131935033315587,0.0,0.0,1.0
75%,0.5935078134925678,0.5935078134925678,0.05597515021877646,1.1758349383037459,0.06826014941767664,0.054927080069645945,0.020955549520296074,-0.004396160795197182,0.0,0.0,1.0
max,0.5971287002922119,0.5971287002922119,0.06560914380169863,1.2043363462894106,0.07653768710584302,0.06312493091428567,0.02565300930496056,0.007380291172262854,0.0,0.0,1.0
