,accuracies,acc_m,statistical_parity_difference,disparate_impact,equal_opportunity_difference,average_odds_difference,average_predictive_value_difference,false_discovery_rate_difference,FN-TN,FP-TP,seed
count,10.0,10.0,10.0,10.0,10.0,10.0,10.0,10.0,10.0,10.0,10.0
mean,0.8766666666666667,0.8766666666666667,-0.4425619620317763,0.39206120858448795,-0.33265873015873015,-0.21882936507936507,0.07261988011988013,-0.014444444444444437,0.0,0.0,1.0
std,0.04727121641373921,0.04727121641373921,0.14012410617523433,0.1450435459716998,0.17191229051147497,0.0993320389851826,0.08906427601357295,0.13731703127503633,0.0,0.0,0.0
min,0.8,0.8,-0.6666666666666667,0.16666666666666666,-0.5,-0.41666666666666663,-0.05000000000000002,-0.25,0.0,0.0,1.0
25%,0.8416666666666667,0.8416666666666667,-0.5294117647058822,0.3067407176718918,-0.4666666666666666,-0.25,-0.001510989010989016,-0.0625,0.0,0.0,1.0
50%,0.8666666666666667,0.8666666666666667,-0.4616071428571429,0.3856768231768232,-0.3666666666666667,-0.2222222222222222,0.07756410256410258,0.0,0.0,0.0,1.0
75%,0.925,0.925,-0.35,0.4815554511278195,-0.3020833333333333,-0.17083333333333334,0.12152777777777778,0.0,0.0,0.0,1.0
max,0.9333333333333333,0.9333333333333333,-0.1770334928229665,0.6754385964912281,0.0,-0.03968253968253965,0.23412698412698416,0.30000000000000004,0.0,0.0,1.0
