,accuracies,acc_m,statistical_parity_difference,disparate_impact,equal_opportunity_difference,average_odds_difference,average_predictive_value_difference,false_discovery_rate_difference,FN-TN,FP-TP,seed
count,10.0,10.0,10.0,10.0,10.0,10.0,10.0,10.0,10.0,10.0,10.0
mean,0.720028409090909,0.720028409090909,-0.05082514657800109,0.8177014954145602,-0.013209710726453277,-0.017653964303751515,-0.0762013724302663,0.06822896884659475,0.0,0.0,1.0
std,0.011986743770857499,0.011986743770857499,0.03889478852760401,0.1375333251945301,0.054777776115430714,0.04057746908945909,0.04504997644940612,0.08279045855646688,0.0,0.0,0.0
min,0.7045454545454546,0.7045454545454546,-0.10322997416020671,0.6320515772507483,-0.08383695512408379,-0.07729004638234702,-0.14563725925664708,-0.06476221392631065,0.0,0.0,1.0
25%,0.7116477272727273,0.7116477272727273,-0.08801025393700199,0.690729958951343,-0.060929199519670185,-0.05415269252369338,-0.09526983460258971,0.03880265498243024,0.0,0.0,1.0
50%,0.71875,0.71875,-0.04052492615166872,0.849253435821607,-0.014228525098090333,-0.009576851340893922,-0.09071671732368336,0.08520086287131662,0.0,0.0,1.0
75%,0.7251420454545454,0.7251420454545454,-0.022704691563591832,0.9137937258206419,0.039662226987979,0.012736571191982904,-0.05911588823163711,0.11403323166133353,0.0,0.0,1.0
max,0.7400568181818182,0.7400568181818182,0.008912713533761746,1.0380715911442169,0.056338028169014065,0.03670850083893563,0.012045513755290824,0.20268542199488493,0.0,0.0,1.0
