,accuracies,acc_m,statistical_parity_difference,disparate_impact,equal_opportunity_difference,average_odds_difference,average_predictive_value_difference,false_discovery_rate_difference,FN-TN,FP-TP,seed
count,10.0,10.0,10.0,10.0,10.0,10.0,10.0,10.0,10.0,10.0,10.0
mean,0.6822085889570553,0.6822085889570553,-0.09369783734208767,0.8727545665322483,0.061840222720469976,-0.048717702756703646,-0.1364604533004274,0.033976010047826556,0.0,0.0,1.0
std,0.03899447504802627,0.03899447504802627,0.08488473814837201,0.11382647731194537,0.041749870429894545,0.07633387947555625,0.03674709493263192,0.051200386599152055,0.0,0.0,0.0
min,0.6319018404907976,0.6319018404907976,-0.2068607068607069,0.7360742705570291,-0.014106583072100332,-0.1517629523131731,-0.1974069910147478,-0.07816091954022991,0.0,0.0,1.0
25%,0.6457055214723926,0.6457055214723926,-0.15721782126617245,0.7942524581276337,0.038523573200992534,-0.10417954082790014,-0.1617702414073382,0.008465557275541782,0.0,0.0,1.0
50%,0.6871165644171779,0.6871165644171779,-0.11274263932919765,0.8376442632133346,0.05327038861521627,-0.05858588751531815,-0.12818862956852145,0.046293576184880544,0.0,0.0,1.0
75%,0.7101226993865031,0.7101226993865031,-0.04289166561513763,0.9349900015222596,0.09608150470219434,0.009241530911185125,-0.12300312644856655,0.06480149597238205,0.0,0.0,1.0
max,0.7361963190184049,0.7361963190184049,0.0560317460317461,1.081205429031516,0.11828644501278773,0.07932161370295243,-0.06493392706207352,0.0964590964590965,0.0,0.0,1.0
