,accuracies,acc_m,statistical_parity_difference,disparate_impact,equal_opportunity_difference,average_odds_difference,average_predictive_value_difference,false_discovery_rate_difference,FN-TN,FP-TP,seed
count,10.0,10.0,10.0,10.0,10.0,10.0,10.0,10.0,10.0,10.0,10.0
mean,0.6708,0.6708,-0.05330328563573442,0.8829061906139559,-0.0562568013747191,-0.02923928033625913,-0.06061549392531934,0.08342057582723401,0.0,0.0,1.0
std,0.022787911025122252,0.022787911025122252,0.07984080109837018,0.191005373537245,0.09224443024819137,0.07759199463236795,0.04096119199027718,0.08342144588946145,0.0,0.0,0.0
min,0.636,0.636,-0.1603562047536678,0.6433456825306354,-0.2516417910447762,-0.1537627401384717,-0.10709020709020707,-0.031135531135531136,0.0,0.0,1.0
25%,0.661,0.661,-0.09172632005268759,0.7690287918446067,-0.11335227272727272,-0.06524090603331673,-0.09567650851473723,0.018572953092395497,0.0,0.0,1.0
50%,0.672,0.672,-0.06197011876539796,0.8534176953065211,-0.030624193250968046,-0.027572419180282075,-0.06838878115112942,0.08457461986873752,0.0,0.0,1.0
75%,0.68,0.68,-0.006989817132920989,0.9834938183227391,0.004511695071148181,0.006174267347052939,-0.0178547076514897,0.1299519586104952,0.0,0.0,1.0
max,0.712,0.712,0.087369298864584,1.2384453781512605,0.04194078947368418,0.09958776237082362,-0.008527089349007144,0.24305555555555555,0.0,0.0,1.0
