,accuracies,acc_m,statistical_parity_difference,disparate_impact,equal_opportunity_difference,average_odds_difference,average_predictive_value_difference,false_discovery_rate_difference,FN-TN,FP-TP,seed
count,10.0,10.0,10.0,10.0,10.0,10.0,10.0,10.0,10.0,10.0,10.0
mean,0.694,0.694,-0.13022825722133466,0.8071046523728078,-0.05709026351772305,-0.037465588523710014,-0.18997789510462937,0.18990434254354233,0.0,0.0,1.0
std,0.017713773674115196,0.017713773674115196,0.10051874426729747,0.14298309719212499,0.0670950185704533,0.09179787035174333,0.04929790607909499,0.04296417929967258,0.0,0.0,0.0
min,0.66,0.66,-0.29231210556511766,0.6039642440730664,-0.17649572649572653,-0.1761537982982552,-0.2541021861950381,0.1391941391941392,0.0,0.0,1.0
25%,0.684,0.684,-0.18972804753830577,0.7382363791262097,-0.06654194334924263,-0.10657636307293432,-0.2288381733517639,0.1528535627444324,0.0,0.0,1.0
50%,0.7,0.7,-0.13121840230273962,0.7790616311399445,-0.04784412785490372,-0.021348068877449333,-0.18600562257766978,0.1793410206430098,0.0,0.0,1.0
75%,0.704,0.704,-0.06804687091319134,0.8898296327918409,-0.03716120095837078,0.010563605296859728,-0.17496945443939113,0.22736036848940075,0.0,0.0,1.0
max,0.72,0.72,0.04571428571428571,1.0879120879120878,0.06885026737967914,0.1163216854139775,-0.11332671957671955,0.25595238095238093,0.0,0.0,1.0
