,accuracies,acc_m,statistical_parity_difference,disparate_impact,equal_opportunity_difference,average_odds_difference,average_predictive_value_difference,false_discovery_rate_difference,FN-TN,FP-TP,seed
count,10.0,10.0,10.0,10.0,10.0,10.0,10.0,10.0,10.0,10.0,10.0
mean,0.9758567164179104,0.9758567164179104,-0.2680564664047192,0.46205954207071614,-0.16996775859686863,-0.07480915705456982,-0.004647085441367006,0.06626553755439205,0.0,0.0,1.0
std,0.001644701174805647,0.001644701174805647,0.007299678209783688,0.010436089340913309,0.013097132233283255,0.006594998495978548,0.0042045122371729094,0.00607116615091463,0.0,0.0,0.0
min,0.9733731343283583,0.9733731343283583,-0.28299145223280464,0.4397488525097176,-0.19277679590559305,-0.08584073060999733,-0.012297394289857953,0.05513784461152882,0.0,0.0,1.0
25%,0.9749850746268657,0.9749850746268657,-0.2707722080354739,0.4577992105118608,-0.17566016591737627,-0.07837452824797166,-0.007145715589291115,0.06233709761932119,0.0,0.0,1.0
50%,0.9754626865671642,0.9754626865671642,-0.26787688207633614,0.46253076731116216,-0.17101605120570873,-0.07479919976388513,-0.003716301089923298,0.06623512449309697,0.0,0.0,1.0
75%,0.9770149253731344,0.9770149253731344,-0.26359927266760197,0.46635836739757885,-0.16513544766360788,-0.07271129980770402,-0.000988087673688823,0.07120989871099688,0.0,0.0,1.0
max,0.9788656716417911,0.9788656716417911,-0.2566912438884348,0.4763738161925727,-0.14433875293328868,-0.061151748261516134,-0.00022148180609130388,0.07397204931927044,0.0,0.0,1.0
