F1v,N1,N2,N3,LSC,T1,T2,T3,T4,C1,C2,L1,L2,L3,N4,density,clustering_coefficient,hubs,att_value,att,dataset
0.060781345568413025,0.3034524530587523,0.015733717304896925,0.19584090450232183,0.9842021972012386,0.2669089440742984,0.0004037956793862306,0.0004037956793862306,1.0,0.051302818815643914,0.13131911278176145,0.8450500809769893,0.14617403593781547,0.8940036341611145,0.8083989501312336,0.831969055160512,0.029228678668870356,0.9997981021603068,0.0,A,S2F2_2
0.2548799544766674,0.17875544986127626,0.003697178337060596,0.12247324613555288,0.925317911520001,0.2715021799445105,0.0007927070947284979,0.0007927070947284979,1.0,0.564947354148917,0.8051082305527112,0.8480958136776499,0.08957590170432025,0.47879508521601266,0.632183908045977,0.8413969749517759,0.15634880439052812,0.9996036464526358,1.0,A,S2F2_2
