F1v,N1,N2,N3,LSC,T1,T2,T3,T4,C1,C2,L1,L2,L3,N4,density,clustering_coefficient,hubs,att_value,att,dataset
0.060768994656452996,0.37714516454673935,0.031212048625688917,0.2517666060973147,0.9924901585503368,0.3317181506157884,0.0004037956793862306,0.0004037956793862306,1.0,0.14313355417465035,0.3218249485151745,0.8255361465522048,0.18473652331920049,0.7569150010094892,0.7015949929335756,0.810892584152096,0.030328091678935354,0.9997981021603068,0.0,A,S3B3_0
0.05400844691944117,0.24549237170596394,0.030265506161683307,0.16524668119675057,0.9840656929283205,0.21993263324747375,0.00039627501486031304,0.00039627501486031304,1.0,0.21677888178084836,0.44374358222091825,0.8491287791499864,0.11313651674261938,0.8367346938775511,0.8091935803447593,0.7941666998466496,0.007006820376225575,0.9998018624925699,1.0,A,S3B3_0
