F1v,N1,N2,N3,LSC,T1,T2,T3,T4,C1,C2,L1,L2,L3,N4,density,clustering_coefficient,hubs,att_value,att,dataset
0.058409781858590075,0.3022410660205936,0.016600851793783906,0.19826367857863925,0.9858831709773873,0.26711084191399154,0.0004037956793862306,0.0004037956793862306,1.0,0.0008202063852255081,0.002271082143076031,0.8398651085258579,0.14718352513628105,0.9077326872602464,0.8237431859479104,0.839560691175564,0.023662401606992622,0.9997981021603068,0.0,A,S2D4_1
0.04803491212484753,0.07142857142857142,0.01566029766450844,0.0535714285714286,0.7525470836482742,0.1746031746031746,0.003968253968253968,0.003968253968253968,1.0,0.6287676733591243,0.8470588235294118,0.8974163013611174,0.07142857142857142,0.46825396825396826,0.9007936507936508,0.7539288081037584,0.0658476077451513,0.998015873015873,1.0,A,S2D4_1
