F1v,N1,N2,N3,LSC,T1,T2,T3,T4,C1,C2,L1,L2,L3,N4,density,clustering_coefficient,hubs,att_value,att,dataset
0.06028506207843781,0.4108621037754896,0.03465189637861987,0.2703412073490814,0.9950362806708519,0.36381990712699375,0.0004037956793862306,0.0004037956793862306,1.0,0.02020481637149263,0.054245340821025056,0.7926315536747612,0.2089642640823743,0.8394912174439734,0.7207752877044216,0.8344544534455872,0.024559543345525126,0.9997981021603068,0.0,A,S3B2_4
0.057937229723846115,0.32890826233405984,0.04392558514480792,0.22211214582920547,0.9937730960043551,0.2952248860709332,0.00039627501486031304,0.00039627501486031304,1.0,0.09284791582268015,0.22368851484437358,0.8134575346524844,0.14939568060233802,0.84802853180107,0.7828412918565485,0.8187466667860361,0.008420278602508935,0.9998018624925699,1.0,A,S3B2_4
