F1v,N1,N2,N3,LSC,T1,T2,T3,T4,C1,C2,L1,L2,L3,N4,density,clustering_coefficient,hubs,att_value,att,dataset
0.060958191666539895,0.24449828386836261,0.011760907584063441,0.16495053502927515,0.9686633193121744,0.2178477690288714,0.0004037956793862306,0.0004037956793862306,1.0,0.27030709964030186,0.5192435434299114,0.877982403860148,0.12376337573187966,0.7979002624671916,0.7789218655360388,0.7944441889463705,0.03741520429892209,0.9997981021603068,0.0,A,S2F4_2
0.18415820778917535,0.008323424494649227,0.0011165636658965112,0.0055489496630994894,0.6289511837900668,0.4887039239001189,0.0007927070947284979,0.00039635354736424893,0.5,0.972437641787352,0.9944356551540565,0.9944816141213266,0.0027744748315497426,0.5037653586999604,0.5358699960364646,0.8226860072110571,0.1635573027803282,0.9996036464526358,1.0,A,S2F4_2
