F1v,N1,N2,N3,LSC,T1,T2,T3,T4,C1,C2,L1,L2,L3,N4,density,clustering_coefficient,hubs,att_value,att,dataset
0.06135185081244781,0.30183727034120733,0.015781472186947938,0.1976579850595599,0.9840563073631078,0.2693317181506158,0.0004037956793862306,0.0004037956793862306,1.0,0.059873131314226335,0.15130984067956332,0.845304628952019,0.14597213809812234,0.8903694730466384,0.7983040581465778,0.8305967043357806,0.029724583668441218,0.9997981021603068,0.0,A,S3F2_1
0.1824757118928963,0.264722536806342,0.013782690530256493,0.17553793884484714,0.9690959311982085,0.23244620611551528,0.0005662514156285391,0.0005662514156285391,1.0,0.33935034233012873,0.6035453201563489,0.8094180152691476,0.1458097395243488,0.5617214043035108,0.6882785956964892,0.8547307731905693,0.14718183208067048,0.9997168742921857,1.0,A,S3F2_1
