F1v,N1,N2,N3,LSC,T1,T2,T3,T4,C1,C2,L1,L2,L3,N4,density,clustering_coefficient,hubs,att_value,att,dataset
0.0603722941898743,0.30325055521905914,0.016195110845736847,0.19422572178477693,0.9844400885382968,0.2681203311124571,0.0004037956793862306,0.0004037956793862306,1.0,0.044880517903894246,0.1159974887348254,0.8464457017547408,0.1437512618614981,0.8982434887946699,0.8134463961235615,0.8330750084722074,0.028773685924466275,0.9997981021603068,0.0,A,S3F2_0
0.08640431787309773,0.27719066490532807,0.019799348176151532,0.18119771025979747,0.9802068506455043,0.24372523117569353,0.00044033465433729633,0.00044033465433729633,1.0,0.14238631815602865,0.32046346945903326,0.8381562279272438,0.13143989431968295,0.8450022016732717,0.7791721708498459,0.8523873343036017,0.11250574994415796,0.9997798326728313,1.0,A,S3F2_0
