F1v,N1,N2,N3,LSC,T1,T2,T3,T4,C1,C2,L1,L2,L3,N4,density,clustering_coefficient,hubs,att_value,att,dataset
0.05910289892618974,0.30587522713506965,0.020120664444435846,0.20230163537250156,0.9874659065557447,0.27316777710478496,0.0004037956793862306,0.0004037956793862306,1.0,1.4408013671030062e-06,3.9947403128737236e-06,0.8379617779381064,0.145366444579043,0.9115687462144155,0.83020391681809,0.8394776814821845,0.023156978506645443,0.9997981021603068,0.0,A,S4F0_0
0.08339316572704468,0.3258476442095993,0.02554672639207597,0.21906649053280491,0.9887013249400235,0.2906208718626156,0.00044033465433729633,0.00044033465433729633,1.0,0.019442631194601323,0.05226154565152741,0.8229977692778125,0.15323645970937913,0.8822104799647732,0.8086745926904447,0.8657164514398924,0.10807630771821541,0.9997798326728313,1.0,A,S4F0_0
