F1v,N1,N2,N3,LSC,T1,T2,T3,T4,C1,C2,L1,L2,L3,N4,density,clustering_coefficient,hubs,att_value,att,dataset
0.05933320407354012,0.30446194225721784,0.019361325881030643,0.20734908136482944,0.9872637641396256,0.2751867555017161,0.0004037956793862306,0.0004037956793862306,1.0,0.0052179057499317505,0.014346009320320707,0.8379814065624619,0.14395315970119119,0.9099535634968706,0.821522309711286,0.8374625355563623,0.021504689348103123,0.9997981021603068,0.0,A,S2E0_0
0.05601566197134493,0.2922528234594809,0.025445485877844128,0.19060828214781056,0.9887735296141767,0.2585694471963543,0.00039627501486031304,0.00039627501486031304,1.0,0.013095894390518281,0.03555597543693889,0.8358620262396312,0.14325341787200316,0.9064790964929661,0.8335644937586685,0.8355061285528932,0.009523711858273831,0.9998018232263178,1.0,A,S2E0_0
