F1v,N1,N2,N3,LSC,T1,T2,T3,T4,C1,C2,L1,L2,L3,N4,density,clustering_coefficient,hubs,att_value,att,dataset
0.06188004906272765,0.3010296789824349,0.0157187085780237,0.1980617807389461,0.9843915808804662,0.26569755703613973,0.0004037956793862306,0.0004037956793862306,1.0,0.07118547066007808,0.17692890937923145,0.8495703156434005,0.14294367050272563,0.8826973551383,0.800323036543509,0.8285517140604721,0.030412198272450564,0.9997981021603068,0.0,A,S2F3_3
0.22020852155127152,0.009907529722589167,0.0002828296738100134,0.005944517833553542,0.38282197508415505,0.6532364597093792,0.001321003963011889,0.0006605019815059445,0.5,0.968023343620082,0.9933731675205283,0.99343879163952,0.0033025099075297227,0.49801849405548215,0.52443857331572,0.8208053322111057,0.1587769798447488,0.9993394980184941,1.0,A,S2F3_3
