F1v,N1,N2,N3,LSC,T1,T2,T3,T4,C1,C2,L1,L2,L3,N4,density,clustering_coefficient,hubs,att_value,att,dataset
0.060360799746388125,0.290732889158086,0.0229706504352743,0.18877448011306275,0.9877604173354303,0.2578235412881082,0.0004037956793862306,0.0004037956793862306,1.0,0.34091613080277794,0.6053074048097155,0.8660773798758512,0.15384615384615385,0.5328083989501312,0.6610135271552594,0.7782314499428717,0.03558037397092095,0.9997981021603068,0.0,A,S3B4_1
0.057090967892542824,0.18624925698434713,0.018286200340145702,0.1264117297404399,0.9611924116985692,0.16623736873390133,0.00039627501486031304,0.00039627501486031304,1.0,0.3528223904228138,0.6185065881541709,0.8812790267423648,0.08559540320982761,0.8222706558351496,0.8042401426590053,0.7711126194587368,0.0068879452272421204,0.9998018624925699,1.0,A,S3B4_1
