F1v,N1,N2,N3,LSC,T1,T2,T3,T4,C1,C2,L1,L2,L3,N4,density,clustering_coefficient,hubs,att_value,att,dataset
0.05826495029906966,0.3036543508984454,0.01659393896090896,0.19987886129618415,0.9859183084572612,0.2695336159903089,0.0004037956793862306,0.0004037956793862306,1.0,0.0010284763825864074,0.0028468064178963637,0.8396466700788292,0.1479911164950535,0.9113668483747224,0.8253583686654553,0.8395381040586032,0.023744045755517584,0.9997981021603068,0.0,A,S3E1_0
0.053735656695079945,0.2631266098672479,0.02222273957034782,0.1729740439865266,0.9800981532461516,0.23281157123043392,0.00039627501486031304,0.00039627501486031304,1.0,0.045803599526910044,0.11821803684146015,0.8474753300544923,0.1293837923518922,0.9003368337626313,0.8325738062215178,0.8279150742799545,0.00830628048870774,0.9998018232263178,1.0,A,S3E1_0
