F1v,N1,N2,N3,LSC,T1,T2,T3,T4,C1,C2,L1,L2,L3,N4,density,clustering_coefficient,hubs,att_value,att,dataset
0.05955577776273201,0.30829800121138706,0.01651659892298362,0.20230163537250156,0.9862554570605525,0.27296587926509186,0.0004037956793862306,0.0004037956793862306,1.0,0.003502658543703574,0.009656717387859892,0.840022634838867,0.14778921865536038,0.9077326872602464,0.8241469816272966,0.8396755022249534,0.024530911517927523,0.9997981021603068,0.0,A,S2D2_0
0.05105559146801397,0.2235434007134364,0.032398998689313126,0.14308363059849383,0.9601178472362627,0.1993658343242172,0.0007927070947284979,0.0007927070947284979,1.0,0.1300887888048261,0.29765780925029095,0.8664721015086714,0.10939357907253269,0.8803012286959968,0.8557273087594134,0.8088711445585866,0.006714755798386207,0.999603489294211,1.0,A,S2D2_0
