F1v,N1,N2,N3,LSC,T1,T2,T3,T4,C1,C2,L1,L2,L3,N4,density,clustering_coefficient,hubs,att_value,att,dataset
0.06254412029318542,0.21865536038764385,0.008761067731362229,0.14698162729658792,0.9520484681995005,0.19523521098324248,0.0004037956793862306,0.0004037956793862306,1.0,0.38111458520975894,0.648510947976213,0.8972892259611422,0.10781344639612356,0.7064405410862103,0.7336967494447809,0.7778825319880871,0.04023900400688718,0.9997981021603068,0.0,A,S3F4_0
0.07986191211682081,0.1380449141347424,0.004749814175048558,0.0944517833553501,0.9082477143218894,0.12483487450462351,0.00044033465433729633,0.00044033465433729633,1.0,0.5466924148090511,0.792078143542808,0.9069913819831014,0.06450902686041392,0.670849845882871,0.7362395420519595,0.8210125447377002,0.12952157229635497,0.9997798326728313,1.0,A,S3F4_0
