F1v,N1,N2,N3,LSC,T1,T2,T3,T4,C1,C2,L1,L2,L3,N4,density,clustering_coefficient,hubs,att_value,att,dataset
0.06064623260687474,0.24348879466989704,0.011688301075889682,0.1651524328689683,0.9687050603555514,0.21744397334948515,0.0004037956793862306,0.0004037956793862306,1.0,0.26596507279833326,0.5134755877165849,0.8782231693506679,0.12376337573187966,0.8029477084595195,0.7722592368261659,0.7949760870111193,0.037272098848852075,0.9997981021603068,0.0,A,S4E1_3
0.04859609477139246,0.14959381810976818,0.015004994482099944,0.10045571626708938,0.9031763990315878,0.13374281751535566,0.00039627501486031304,0.00039627501486031304,1.0,0.32055620182228994,0.5819031347355222,0.9022440965242783,0.07370715276401824,0.8775510204081632,0.8575391321577175,0.6722024962024302,0.004188562111171024,0.9998018232263178,1.0,A,S4E1_3
