F1v,N1,N2,N3,LSC,T1,T2,T3,T4,C1,C2,L1,L2,L3,N4,density,clustering_coefficient,hubs,att_value,att,dataset
0.05780685824088243,0.2971936200282657,0.019663326752409845,0.20230163537250156,0.9862156726285839,0.2683222289521502,0.0004037956793862306,0.0004037956793862306,1.0,0.007275314996888049,0.019936787351400698,0.8376351685384272,0.14173228346456693,0.90732889158086,0.8386836260852009,0.8365476350065413,0.02105861635165518,0.9997981021603068,0.0,A,S4D1_2
0.026087398398163812,0.175,0.18104338434249698,0.07499999999999996,0.71,0.175,0.05,0.05,1.0,0.3901596952835995,0.6577181208053692,0.782208568637404,0.15,0.525,0.9,0.6913229018492176,0.2423507550422166,0.9736842105263158,1.0,A,S4D1_2
