F1v,N1,N2,N3,LSC,T1,T2,T3,T4,C1,C2,L1,L2,L3,N4,density,clustering_coefficient,hubs,att_value,att,dataset
0.059314416140290885,0.30870179689077326,0.016518081663752588,0.2025035332121946,0.9862557831624539,0.2737734706238643,0.0004037956793862306,0.0004037956793862306,1.0,0.0036256527346979484,0.009993830968538009,0.8398781671087723,0.14839491217443973,0.9147991116495053,0.8275792449020796,0.8396008098092995,0.024563741031608632,0.9997981021603068,0.0,A,S4D3_0
0.018945319998493252,0.22473246135552913,0.020026591019872118,0.14942528735632188,0.8721074085123168,0.2025366627031312,0.0007927070947284979,0.00039635354736424893,0.5,0.15638807901777396,0.34552819009068036,0.8631803133283604,0.1101862861672612,0.8656361474435196,0.8485929449068569,0.40463485340104977,0.0058340869802556705,0.9996036464526358,1.0,A,S4D3_0
