F1v,N1,N2,N3,LSC,T1,T2,T3,T4,C1,C2,L1,L2,L3,N4,density,clustering_coefficient,hubs,att_value,att,dataset
0.058890055997550476,0.30971128608923887,0.020500384671181513,0.20936805976176054,0.9880565993873605,0.2782152230971129,0.0004037956793862306,0.0004037956793862306,1.0,0.002773084219286237,0.007654287920739633,0.8357702196855236,0.14476075105996367,0.914193418130426,0.833636180092873,0.8381879326411401,0.02200622545773534,0.9997981021603068,0.0,A,S4D4_1
0.0017963995670220501,0.16666666666666666,0.04571917150161332,0.11507936507936511,0.8505054799697657,0.15873015873015872,0.003968253968253968,0.001984126984126984,0.5,0.19188181469374344,0.40508331972925804,0.860900080482893,0.1130952380952381,0.8432539682539683,0.8829365079365079,0.4041250504938496,0.03883162446357591,0.9980119284294234,1.0,A,S4D4_1
