F1v,N1,N2,N3,LSC,T1,T2,T3,T4,C1,C2,L1,L2,L3,N4,density,clustering_coefficient,hubs,att_value,att,dataset
0.05987797186146539,0.30688471633353526,0.019132887842772842,0.20270543105188776,0.986976101499869,0.27437916414294367,0.0004037956793862306,0.0004037956793862306,1.0,0.0001929288985983435,0.0005347456290596408,0.8390380999430068,0.14435695538057744,0.9101554613365637,0.8310115081768625,0.8394023367310228,0.022838537967966754,0.9997981021603068,0.0,A,S2D3_1
0.051546066893459294,0.1130952380952381,0.03467833046361463,0.0813492063492064,0.8534541131267321,0.10714285714285714,0.003968253968253968,0.003968253968253968,1.0,0.41347939686021107,0.6806419778735782,0.8922078629571687,0.08531746031746032,0.7063492063492064,0.876984126984127,0.7745984410994351,0.054290783478164295,0.998015873015873,1.0,A,S2D3_1
