F1v,N1,N2,N3,LSC,T1,T2,T3,T4,C1,C2,L1,L2,L3,N4,density,clustering_coefficient,hubs,att_value,att,dataset
0.05780685824088243,0.2971936200282657,0.019663326752409845,0.20230163537250156,0.9862156726285839,0.2683222289521502,0.0004037956793862306,0.0004037956793862306,1.0,0.007275314996888049,0.019936787351400698,0.8376351685384272,0.14173228346456693,0.91055925701595,0.8322228952150212,0.8365476350065413,0.02105861635165518,0.9997981021603068,0.0,A,S4D2_2
0.013345372154434505,0.125,0.16178395036597842,0.125,0.506875,0.15,0.05,0.05,1.0,0.4564355568004036,0.72,0.8047982980184843,0.125,0.325,0.9,0.5033738191632928,0.20214095213919192,0.9743589743589743,1.0,A,S4D2_2
