F1v,N1,N2,N3,LSC,T1,T2,T3,T4,C1,C2,L1,L2,L3,N4,density,clustering_coefficient,hubs,att_value,att,dataset
0.06080683564484159,0.3024429638602867,0.016190449068628026,0.19382192610539062,0.9844304277694683,0.26751463759337774,0.0004037956793862306,0.0004037956793862306,1.0,0.046519645565744505,0.1199362690494501,0.8455873211817262,0.14496264889965677,0.8881485968100141,0.8083989501312336,0.8328367429279492,0.028848684922805345,0.9997981021603068,0.0,A,S4F4_0
0.007582357081952668,0.2912813738441215,0.038833903221394996,0.1935270805812418,0.9819816649380962,0.26067811536767943,0.00044033465433729633,0.00022016732716864817,0.5,0.16959472443396673,0.3683326684259032,0.8336294582495287,0.13672391017173052,0.8249669749009247,0.7569352708058125,0.528807720552926,0.10789894745968098,0.9997797841885048,1.0,A,S4F4_0
