F1v,N1,N2,N3,LSC,T1,T2,T3,T4,C1,C2,L1,L2,L3,N4,density,clustering_coefficient,hubs,att_value,att,dataset
0.06003709955869297,0.3066828184938421,0.019138001834980156,0.2025035332121946,0.9870262396672065,0.27458106198263676,0.0004037956793862306,0.0004037956793862306,1.0,0.00020257432474457548,0.0005614713303643271,0.8404102488601578,0.1441550575408843,0.9093478699777913,0.8243488794669896,0.8394215806285057,0.0228264549555115,0.9997981021603068,0.0,A,S2A2
0.0567739848653389,0.28551614820685556,0.02688800933787874,0.18446601941747576,0.9881844955025298,0.25282345948087975,0.00039627501486031304,0.00039627501486031304,1.0,0.029608459346466387,0.07833562235742197,0.8370525137806664,0.14067763027541114,0.9064790964929661,0.8268278185060431,0.8318480484989043,0.008965582967797703,0.9998018232263178,1.0,A,S2A2
