F1v,N1,N2,N3,LSC,T1,T2,T3,T4,C1,C2,L1,L2,L3,N4,density,clustering_coefficient,hubs,att_value,att,dataset
0.0606472046559738,0.30284675953967294,0.016200451627974788,0.19382192610539062,0.9844406999793618,0.2681203311124571,0.0004037956793862306,0.0004037956793862306,1.0,0.04592008528780067,0.11849781138799165,0.8460776810537635,0.1441550575408843,0.8944074298405007,0.8132444982838684,0.8329311684927169,0.02884071676808775,0.9997981021603068,0.0,A,S4F3_0
0.02844470305912795,0.29238221047996477,0.032850525492605885,0.1941875825627477,0.9822913631004213,0.2617789520035227,0.00044033465433729633,0.00022016732716864817,0.5,0.1676318984695624,0.364993176165877,0.8333114518010967,0.13694407749889917,0.834214002642008,0.7752091589608102,0.5336539892758487,0.10795664319392029,0.9997798326728313,1.0,A,S4F3_0
