F1v,N1,N2,N3,LSC,T1,T2,T3,T4,C1,C2,L1,L2,L3,N4,density,clustering_coefficient,hubs,att_value,att,dataset
0.06076899465645297,0.37714516454673935,0.03121204862568887,0.2517666060973147,0.9925128226324829,0.3317181506157884,0.0004037956793862306,0.0004037956793862306,1.0,0.14313355417465035,0.3218249485151745,0.8257514610661532,0.1851403189985867,0.7702402584292348,0.7066424389259035,0.810892584152096,0.030328091678935354,0.9997981021603068,0.0,A,S2B3_4
0.05400844691944088,0.24549237170596394,0.03026550616168335,0.16524668119675057,0.9840661247715108,0.21993263324747375,0.00039627501486031304,0.00039627501486031304,1.0,0.21677888178084836,0.44374358222091825,0.8482847653340588,0.11432534178720032,0.8357440063404002,0.7939369922726373,0.7941666998466496,0.007006820376225575,0.9998018624925699,1.0,A,S2B3_4
