F1v,N1,N2,N3,LSC,T1,T2,T3,T4,C1,C2,L1,L2,L3,N4,density,clustering_coefficient,hubs,att_value,att,dataset
0.061055716138935956,0.30284675953967294,0.01580455608324387,0.1964465980214012,0.9840287109897033,0.269735513830002,0.0004037956793862306,0.0004037956793862306,1.0,0.05338092938074457,0.1362136483276627,0.8448853198049837,0.14597213809812234,0.8923884514435696,0.8035534019785988,0.8316978466731052,0.029311044841411005,0.9997981021603068,0.0,A,S4F2_1
0.08944683492872099,0.2916194790486976,0.03687979925268329,0.1902604756511891,0.9780760341623391,0.25622876557191393,0.0005662514156285391,0.0005662514156285391,1.0,0.38578423526993266,0.6532868589549828,0.7671591546525027,0.15175537938844846,0.5070781426953568,0.641845979614949,0.6313353686952612,0.14635320669120322,0.9997168742921857,1.0,A,S4F2_1
