F1v,N1,N2,N3,LSC,T1,T2,T3,T4,C1,C2,L1,L2,L3,N4,density,clustering_coefficient,hubs,att_value,att,dataset
0.06034912521777442,0.278417120936806,0.01440514823650632,0.1897839693115284,0.9803360553466669,0.2497476277003836,0.0004037956793862306,0.0004037956793862306,1.0,0.18625127768832284,0.3959968916656559,0.8642947380167588,0.134867756915001,0.8471633353523117,0.7843731072077529,0.8078704768279011,0.035195329644302054,0.9997981021603068,0.0,A,S2F3_1
0.1617139338478432,0.11834654586636467,0.0023603100679834665,0.08012457531143824,0.8839838704919526,0.22423556058890148,0.0005662514156285391,0.0005662514156285391,1.0,0.6635400949487,0.8677333581175964,0.8892342382282921,0.0622876557191393,0.4943374858437146,0.6588335220838052,0.8326512978559422,0.15533599145115973,0.9997168742921857,1.0,A,S2F3_1
