F1v,N1,N2,N3,LSC,T1,T2,T3,T4,C1,C2,L1,L2,L3,N4,density,clustering_coefficient,hubs,att_value,att,dataset
0.057776014044171035,0.2961841308298001,0.019637220032813076,0.20149404401372906,0.9862127377114714,0.26751463759337774,0.0004037956793862306,0.0004037956793862306,1.0,0.007158484751484062,0.019620300220485998,0.8378916882650818,0.1415303856248738,0.919442761962447,0.8378760347264285,0.8365877536402768,0.02105509482217982,0.9997981021603068,0.0,A,S4D3_2
0.0021058851960466243,0.175,0.14511877120230046,0.125,0.5075000000000001,0.175,0.05,0.05,1.0,0.4564355568004036,0.72,0.8030025010599489,0.125,0.525,0.85,0.3589743589743589,0.12911370509653552,0.9743589743589743,1.0,A,S4D3_2
