F1v,N1,N2,N3,LSC,T1,T2,T3,T4,C1,C2,L1,L2,L3,N4,density,clustering_coefficient,hubs,att_value,att,dataset
0.059921448410824196,0.30547143145568345,0.01618274327932384,0.19483141530385628,0.9843608050135233,0.2695336159903089,0.0004037956793862306,0.0004037956793862306,1.0,0.03740679787314105,0.09778718830420474,0.8463054805039808,0.14395315970119119,0.8960226125580456,0.8049666868564507,0.8343508951837091,0.028177802469828483,0.9997981021603068,0.0,A,S4F2_0
0.05586983285217893,0.29678555702333775,0.04393220655202753,0.19749009247027738,0.9847151426453545,0.26398062527520916,0.00044033465433729633,0.00044033465433729633,1.0,0.14567961823480013,0.3264434691609407,0.8328594415084923,0.13870541611624834,0.8456627036547776,0.7749889916336415,0.6309245059277422,0.10806146198701594,0.9997798326728313,1.0,A,S4F2_0
