F1v,N1,N2,N3,LSC,T1,T2,T3,T4,C1,C2,L1,L2,L3,N4,density,clustering_coefficient,hubs,att_value,att,dataset
0.05940780096074454,0.30426004441752474,0.019304434917342565,0.20714718352513628,0.987143514063491,0.27458106198263676,0.0004037956793862306,0.0004037956793862306,1.0,0.005367880894013188,0.01475479735854257,0.836603985459889,0.14334746618211186,0.9111649505350293,0.8435291742378357,0.8374305711164755,0.021438685365890553,0.9997981021603068,0.0,A,S2D1_1
0.05438319187407362,0.25,0.07325902035158172,0.18055555555555558,0.9618646069538926,0.23015873015873015,0.003968253968253968,0.003968253968253968,1.0,0.05477748874658961,0.13948582729070524,0.8387094724161827,0.13293650793650794,0.8392857142857143,0.8392857142857143,0.8306115686831392,0.04924008800920887,0.998015873015873,1.0,A,S2D1_1
