F1v,N1,N2,N3,LSC,T1,T2,T3,T4,C1,C2,L1,L2,L3,N4,density,clustering_coefficient,hubs,att_value,att,dataset
0.06221981287265249,0.22289521502119927,0.009457674980932125,0.14960629921259838,0.9591044573279153,0.19846557641833232,0.0004037956793862306,0.0004037956793862306,1.0,0.36111201424009043,0.6274923275449459,0.8937683448759537,0.1108419139915203,0.7104784978800727,0.7290530991318392,0.7809590277852525,0.03969796213890653,0.9997981021603068,0.0,A,S3F4_1
0.15303636816139699,0.04813137032842582,0.0030652150454687217,0.03340883352208379,0.8201102458800881,0.1644960362400906,0.0005662514156285391,0.0005662514156285391,1.0,0.8643856152877817,0.9613420151374847,0.96344789916346,0.018969422423556058,0.5090600226500567,0.5806908267270668,0.8241642619824476,0.16063829020431852,0.9997168742921857,1.0,A,S3F4_1
