F1v,N1,N2,N3,LSC,T1,T2,T3,T4,C1,C2,L1,L2,L3,N4,density,clustering_coefficient,hubs,att_value,att,dataset
0.0623326898416589,0.40520896426408237,0.03778530568256398,0.2658994548758328,0.9951643979553574,0.35978195033313143,0.0004037956793862306,0.0004037956793862306,1.0,0.006203782616698406,0.0170296194179419,0.7815602602474141,0.19785988289925296,0.8467595396729255,0.7552998182919443,0.8359347657968751,0.020498064789495785,0.9997981021603068,0.0,A,S2B0_0
0.05727507941827549,0.3978601149197543,0.04525740358540547,0.26154150980780666,0.9954674916494286,0.3509015256588072,0.00039627501486031304,0.00039627501486031304,1.0,0.01137705027647229,0.030973646632085794,0.7877458353634527,0.18842876956607885,0.8628888448583317,0.7618387160689518,0.8354592474811289,0.010426106762962739,0.9998018624925699,1.0,A,S2B0_0
