F1v,N1,N2,N3,LSC,T1,T2,T3,T4,C1,C2,L1,L2,L3,N4,density,clustering_coefficient,hubs,att_value,att,dataset
0.06166333878627258,0.2870987280436099,0.01478331382672713,0.1922067433878457,0.9815381892433739,0.2533817888148597,0.0004037956793862306,0.0004037956793862306,1.0,0.14533165020208672,0.3258141198618707,0.861605422160766,0.13587724611346658,0.8544316575812638,0.7849788007268322,0.8148370938844525,0.03377786249668946,0.9997981021603068,0.0,A,S2F3_2
0.2141430941569582,0.053904082441537854,0.0006349055912916582,0.03686087990487519,0.65041852766675,0.47958779231074117,0.0007927070947284979,0.00039635354736424893,0.5,0.8464021005320743,0.9546241106216309,0.9574951467457382,0.02219579865239794,0.5037653586999604,0.5905667855727309,0.8262393591959524,0.1613120216711592,0.9996036464526358,1.0,A,S2F3_2
