F1v,N1,N2,N3,LSC,T1,T2,T3,T4,C1,C2,L1,L2,L3,N4,density,clustering_coefficient,hubs,att_value,att,dataset
0.05919225046154583,0.3052695336159903,0.01665656039319224,0.2012921461740359,0.9859398311827524,0.2737734706238643,0.0004037956793862306,0.0004037956793862306,1.0,0.0029195917953740436,0.008056778180271507,0.837958158978506,0.14758732081566728,0.9117706440541086,0.8362608520088836,0.8396477779658679,0.02430393179903545,0.9997981021603068,0.0,A,S2F0_1
0.19018532742730146,0.402321630804077,0.03327010952933121,0.26500566251415625,0.9912793754945882,0.35362400906002267,0.0005662514156285391,0.0005662514156285391,1.0,0.07326531074814224,0.18154700127109247,0.7787390241581944,0.20385050962627407,0.793035107587769,0.7114949037372593,0.8786125990378697,0.14103109859500085,0.9997168742921857,1.0,A,S2F0_1
