F1v,N1,N2,N3,LSC,T1,T2,T3,T4,C1,C2,L1,L2,L3,N4,density,clustering_coefficient,hubs,att_value,att,dataset
0.058048765317267347,0.29678982434887946,0.019672969013452,0.20149404401372906,0.9862136752544379,0.26751463759337774,0.0004037956793862306,0.0004037956793862306,1.0,0.007511827148992012,0.020577124498844745,0.8382882461117198,0.14092469210579447,0.9103573591762568,0.8328285887341006,0.8365568492455903,0.02101201993659929,0.9997981021603068,0.0,A,S3D1_3
0.039749719647833,0.26666666666666666,0.23126871765721688,0.19999999999999996,0.48444444444444446,0.9333333333333333,0.13333333333333333,0.13333333333333333,1.0,0.43349049344709467,0.6994219653179191,0.7935570982605931,0.13333333333333333,0.5333333333333333,1.0,0.6,0.2933333333333332,0.9,1.0,A,S3D1_3
