F1v,N1,N2,N3,LSC,T1,T2,T3,T4,C1,C2,L1,L2,L3,N4,density,clustering_coefficient,hubs,att_value,att,dataset
0.06161645991285781,0.2866949323642237,0.014787128189160397,0.19240864122753887,0.981657501776542,0.2533817888148597,0.0004037956793862306,0.0004037956793862306,1.0,0.1450558672936637,0.32531491040695426,0.8616919077452131,0.13708863315162528,0.8447405612759944,0.7837674136886735,0.8148697106598471,0.033771016991465896,0.9997981021603068,0.0,A,S4E4_2
0.11517930973295698,0.1700019813750743,0.01500107748410694,0.11769367941351294,0.9005018371198195,0.1563304933623935,0.00039627501486031304,0.00019813750743015652,0.5,0.2483671099525926,0.4894767407003986,0.8919678317397529,0.08163265306122448,0.8739845452744205,0.8416881315633049,0.34020631596644857,0.00509183433040028,0.9998018232263178,1.0,A,S4E4_2
