F1v,N1,N2,N3,LSC,T1,T2,T3,T4,C1,C2,L1,L2,L3,N4,density,clustering_coefficient,hubs,att_value,att,dataset
0.060106688754129015,0.31657581263880474,0.01747260954524075,0.20573389864728442,0.9870156005926739,0.2786190187764991,0.0004037956793862306,0.0004037956793862306,1.0,0.017277092858099863,0.04659910721771987,0.8402646055465861,0.15101958409045024,0.9022814455885322,0.8132444982838684,0.8378858197590469,0.02669220812159223,0.9997981021603068,0.0,A,S4E2_0
0.040214720059249566,0.24509609669110363,0.029284303807505636,0.16881315633049332,0.9684549149231619,0.2187438082028928,0.00039627501486031304,0.00039627501486031304,1.0,0.10154021442278893,0.24164975140519496,0.8575009711632368,0.11650485436893204,0.8914206459282742,0.8424806815930256,0.5518761768586543,0.0070703465474902805,0.9998018624925699,1.0,A,S4E2_0
