F1v,N1,N2,N3,LSC,T1,T2,T3,T4,C1,C2,L1,L2,L3,N4,density,clustering_coefficient,hubs,att_value,att,dataset
0.06110344611533231,0.29800121138703817,0.015837690211534694,0.199676963456491,0.9844374797230857,0.26388047647890167,0.0004037956793862306,0.0004037956793862306,1.0,0.09127278012049489,0.22038596809649014,0.8541306821501712,0.140117100747022,0.8707853825964063,0.7964869775893398,0.8247927937801114,0.03141995548295551,0.9997981021603068,0.0,A,S4E1_2
0.04619783302855104,0.2032890826233406,0.027911602154253867,0.13711115514166827,0.9576708089981517,0.18208836932831385,0.00039627501486031304,0.00039627501486031304,1.0,0.17272188760070173,0.37361792657780335,0.8782064778180225,0.09688924113334654,0.8842876956607886,0.850604319397662,0.7102270606947304,0.0057389530673774836,0.9998018232263178,1.0,A,S4E1_2
