F1v,N1,N2,N3,LSC,T1,T2,T3,T4,C1,C2,L1,L2,L3,N4,density,clustering_coefficient,hubs,att_value,att,dataset
0.059323704942380207,0.30971128608923887,0.016519400366864778,0.20270543105188776,0.9862620198613178,0.27437916414294367,0.0004037956793862306,0.0004037956793862306,1.0,0.0037507747071449105,0.01033663970522225,0.8399671037409165,0.14839491217443973,0.9127801332525742,0.8245507773066828,0.8396255985585994,0.024609641225102452,0.9997981021603068,0.0,A,S4D4_0
0.020401993729660672,0.22473246135552913,0.02153807446340516,0.14942528735632188,0.8705146108045381,0.20214030915576695,0.0007927070947284979,0.00039635354736424893,0.5,0.15751915606285216,0.34751247959224196,0.8647623345799913,0.10899722552516845,0.8771304003170829,0.8446294094332144,0.3978715299421368,0.005588318065109954,0.9996033320111067,1.0,A,S4D4_0
