F1v,N1,N2,N3,LSC,T1,T2,T3,T4,C1,C2,L1,L2,L3,N4,density,clustering_coefficient,hubs,att_value,att,dataset
0.057941390040827115,0.29779931354734507,0.019682074929817807,0.2025035332121946,0.9862143274582407,0.26852412679184334,0.0004037956793862306,0.0004037956793862306,1.0,0.007752142564476094,0.021227262597085628,0.8382441649955978,0.14072279426610135,0.9119725418938017,0.8193014334746618,0.8365227647153028,0.021024817803518725,0.9997981021603068,0.0,A,S4D0_3
0.1164273303065702,0.5333333333333333,0.5044113015845004,0.4,0.9155555555555556,0.6666666666666666,0.13333333333333333,0.13333333333333333,1.0,0.16335925805883267,0.35766423357664234,0.6544455270715998,0.26666666666666666,0.3333333333333333,0.7333333333333333,0.7555555555555555,0.45999999999999996,0.9,1.0,A,S4D0_3
