F1v,N1,N2,N3,LSC,T1,T2,T3,T4,C1,C2,L1,L2,L3,N4,density,clustering_coefficient,hubs,att_value,att,dataset
0.058171588603246234,0.31173026448617,0.016173937676581696,0.20149404401372906,0.9848528927827086,0.2747829598223299,0.0004037956793862306,0.0004037956793862306,1.0,0.023154162578239545,0.06187727218107353,0.8433626670578309,0.14859681001413286,0.8938017363214213,0.8150615788411064,0.8363875681812919,0.027168489777443683,0.9997981021603068,0.0,A,S4E3_0
0.02590262649002516,0.24133148404993066,0.021141765873196883,0.16643550624133152,0.9597145265257521,0.2169605706360214,0.00039627501486031304,0.00019813750743015652,0.5,0.11608510123245752,0.27073859399139544,0.8577906663757439,0.11511789181692095,0.8896374083614028,0.8438676441450367,0.4314811363747558,0.006647914801098942,0.9998018624925699,1.0,A,S4E3_0
