F1v,N1,N2,N3,LSC,T1,T2,T3,T4,C1,C2,L1,L2,L3,N4,density,clustering_coefficient,hubs,att_value,att,dataset
0.058762582901935694,0.3143549364021805,0.016259470074354833,0.20472440944881887,0.9849496635219438,0.27781142741772663,0.0004037956793862306,0.0004037956793862306,1.0,0.0210983135413505,0.05656487221024742,0.8431021135515175,0.14900060569351908,0.8992529779931355,0.807389460932768,0.8367438249105403,0.026958132307346117,0.9997981021603068,0.0,A,S4A10
0.07360675264781417,0.24192589657222113,0.02560368754650988,0.16603923122647113,0.9736481040965077,0.2187438082028928,0.00039627501486031304,0.00019813750743015652,0.5,0.11205627735551082,0.2627991850663608,0.8560243487105674,0.11630671686150189,0.8819100455716267,0.8317812561917971,0.4295668280588155,0.007611184412502969,0.9998018624925699,1.0,A,S4A10
