F1v,N1,N2,N3,LSC,T1,T2,T3,T4,C1,C2,L1,L2,L3,N4,density,clustering_coefficient,hubs,att_value,att,dataset
0.06188004906272765,0.3010296789824349,0.015733528102230585,0.1980617807389461,0.9840743652558969,0.26852412679184334,0.0004037956793862306,0.0004037956793862306,1.0,0.07118547066007808,0.17692890937923145,0.8477782799017187,0.14334746618211186,0.8913789622451039,0.8009287300625884,0.8285517140604721,0.030412198272450564,0.9997981021603068,0.0,A,S3F3_3
0.22020852155127107,0.009907529722589167,0.00033730891577102675,0.005944517833553542,0.38282197508415505,0.6598414795244386,0.001321003963011889,0.0006605019815059445,0.5,0.968023343620082,0.9933731675205283,0.9934389919758293,0.0033025099075297227,0.4940554821664465,0.5184940554821664,0.8208053322111057,0.1587769798447488,0.9993394980184941,1.0,A,S3F3_3
