F1v,N1,N2,N3,LSC,T1,T2,T3,T4,C1,C2,L1,L2,L3,N4,density,clustering_coefficient,hubs,att_value,att,dataset
0.06254412029318547,0.21845346254795073,0.008760781813466446,0.14698162729658792,0.9535365527009818,0.19503331314354935,0.0004037956793862306,0.0004037956793862306,1.0,0.38111458520975894,0.648510947976213,0.895277648898732,0.11245709670906522,0.6660609731475873,0.7387441954371088,0.7778825319880871,0.04023900400688718,0.9997981021603068,0.0,A,S2F4_0
0.07986191211682077,0.1380449141347424,0.00474981417504856,0.0944517833553501,0.9082477143218894,0.12483487450462351,0.00044033465433729633,0.00044033465433729633,1.0,0.5466924148090511,0.792078143542808,0.8988816973902263,0.07045354469396742,0.614487010127697,0.7487890797005724,0.8210125447377002,0.12952157229635497,0.9997798326728313,1.0,A,S2F4_0
