F1v,N1,N2,N3,LSC,T1,T2,T3,T4,C1,C2,L1,L2,L3,N4,density,clustering_coefficient,hubs,att_value,att,dataset
0.05876350455597347,0.30971128608923887,0.01655461627361642,0.2016959418534222,0.985963677384291,0.2774076317383404,0.0004037956793862306,0.0004037956793862306,1.0,0.004972685854207071,0.013677188047672373,0.8374567441764635,0.14900060569351908,0.9156067030082778,0.8237431859479104,0.8393417510707272,0.02488915822742066,0.9997981021603068,0.0,A,S3F0_2
0.27282083212491565,0.35315101070154575,0.02409789366321293,0.24058660325009906,0.9840192386210164,0.3154974237019421,0.0007927070947284979,0.0007927070947284979,1.0,0.19426509026433847,0.4088902275485323,0.7841614222475379,0.18430439952437574,0.6916369401506144,0.6579468886246532,0.8700774445285766,0.15168746923458087,0.9996036464526358,1.0,A,S3F0_2
