F1v,N1,N2,N3,LSC,T1,T2,T3,T4,C1,C2,L1,L2,L3,N4,density,clustering_coefficient,hubs,att_value,att,dataset
0.06195394408849285,0.28790631940238237,0.014794991701411322,0.19523521098324248,0.9816645537301594,0.25540076721179084,0.0004037956793862306,0.0004037956793862306,1.0,0.14894345399147557,0.3323181307873734,0.8618510820664629,0.13668483747223906,0.8526145770240259,0.7821522309711286,0.8142512150564254,0.033970590336229844,0.9997981021603068,0.0,A,S3E0_3
0.04887470434001091,0.1741628690311076,0.011810859511982649,0.11908064196552404,0.9417300242786167,0.15692490588468397,0.00039627501486031304,0.00039627501486031304,1.0,0.2205442830309684,0.44938345661806567,0.8922451755232347,0.08321775312066575,0.8894392708539727,0.8605111947691698,0.7932340210401275,0.0052809489124826525,0.9998018232263178,1.0,A,S3E0_3
