F1v,N1,N2,N3,LSC,T1,T2,T3,T4,C1,C2,L1,L2,L3,N4,density,clustering_coefficient,hubs,att_value,att,dataset
0.061655998031708695,0.29941449626489,0.01572202065946353,0.19725418938017358,0.9844964226417605,0.2646880678376741,0.0004037956793862306,0.0004037956793862306,1.0,0.06913628977772257,0.17235127478753554,0.85070801228011,0.1427417726630325,0.8822935594589137,0.795073692711488,0.8289419737780696,0.030243418699759217,0.9997981021603068,0.0,A,S4E3_1
0.05487738377703518,0.21180899544283732,0.013861611570913857,0.14582920546859524,0.9191374803810695,0.1917971071923915,0.00039627501486031304,0.00019813750743015652,0.5,0.17692933609958217,0.3806615113824793,0.8719794368943315,0.09986130374479889,0.8777491579155934,0.827818506043194,0.39175397714122995,0.005726531178068428,0.9998018624925699,1.0,A,S4E3_1
