F1v,N1,N2,N3,LSC,T1,T2,T3,T4,C1,C2,L1,L2,L3,N4,density,clustering_coefficient,hubs,att_value,att,dataset
0.060781345568412984,0.3034524530587523,0.015746717914715255,0.19584090450232183,0.9840199062383661,0.2691298203109227,0.0004037956793862306,0.0004037956793862306,1.0,0.051302818815643914,0.13131911278176145,0.8442211219598438,0.1467797294568948,0.8873410054512417,0.8098122350090854,0.831969055160512,0.029228678668870356,0.9997981021603068,0.0,A,S3F2_2
0.2548799544766683,0.17875544986127626,0.0039587641535560325,0.12247324613555288,0.9253155550779834,0.2715021799445105,0.0007927070947284979,0.0007927070947284979,1.0,0.564947354148917,0.8051082305527112,0.8480931048501498,0.08957590170432025,0.4998018232263179,0.6535869996036464,0.8413969749517759,0.15634880439052812,0.9996036464526358,1.0,A,S3F2_2
