F1v,N1,N2,N3,LSC,T1,T2,T3,T4,C1,C2,L1,L2,L3,N4,density,clustering_coefficient,hubs,att_value,att,dataset
0.0588745988237941,0.3109226731273975,0.01616047410826825,0.2004845548152635,0.984453010326139,0.2747829598223299,0.0004037956793862306,0.0004037956793862306,1.0,0.02642027370906641,0.07024714108825902,0.842455468174377,0.14859681001413286,0.9028871391076115,0.8142539874823339,0.8359860556761832,0.027436408148884817,0.9997981021603068,0.0,A,S4F3_3
0.020183059135855295,0.015191545574636724,0.027221445384411392,0.010568031704095149,0.8383209812773428,0.01453104359313078,0.001321003963011889,0.001321003963011889,1.0,0.9524278669072168,0.9893761298002733,0.9895428860239281,0.005284015852047556,0.4821664464993395,0.5521796565389696,0.4311030514056512,0.1576337560694726,0.9993394980184941,1.0,A,S4F3_3
