F1v,N1,N2,N3,LSC,T1,T2,T3,T4,C1,C2,L1,L2,L3,N4,density,clustering_coefficient,hubs,att_value,att,dataset
0.06148258210932622,0.31899858671512216,0.01815437907632979,0.2095699576014537,0.987204169017148,0.2838683626085201,0.0004037956793862306,0.0004037956793862306,1.0,0.008751462699916557,0.023925425971659142,0.8354385574694779,0.15142337976983647,0.9069250959014739,0.8255602665051484,0.8394904020245885,0.02570799274446911,0.9997981021603068,0.0,A,S3F1_0
0.086994009730371,0.3192426243945399,0.03195909002495958,0.20959929546455303,0.9914190971840492,0.28335535006605017,0.00044033465433729633,0.00044033465433729633,1.0,0.06334394391860898,0.15926148333278312,0.8205238948399807,0.15785997357992074,0.8701012769704976,0.7943637164244826,0.8618439113043244,0.11032914730880639,0.9997798326728313,1.0,A,S3F1_0
