F1v,N1,N2,N3,LSC,T1,T2,T3,T4,C1,C2,L1,L2,L3,N4,density,clustering_coefficient,hubs,att_value,att,dataset
0.06146334183198486,0.1427417726630325,0.005751638245308965,0.09650716737330911,0.9155976944432521,0.12719563900666264,0.0004037956793862306,0.0004037956793862306,1.0,0.5839172375648634,0.8181477712192143,0.9225181598062954,0.08398950131233596,0.4912174439733495,0.6975570361397133,0.7504996889990466,0.04385113827209974,0.9997981021603068,0.0,A,S4E3_4
0.0363611724585817,0.08440657816524669,0.0036709414991429024,0.05428967703586285,0.5924793566196006,0.0756885278383198,0.00039627501486031304,0.00019813750743015652,0.5,0.5116482420561143,0.7656670729225912,0.9431566033550045,0.04180701406776303,0.8712106201703983,0.8749752328115712,0.1996962205682753,0.003234520612405145,0.9998018624925699,1.0,A,S4E3_4
