F1v,N1,N2,N3,LSC,T1,T2,T3,T4,C1,C2,L1,L2,L3,N4,density,clustering_coefficient,hubs,att_value,att,dataset
0.05941258384340162,0.30849989905108016,0.016505303060187358,0.2016959418534222,0.9862619383358425,0.2733696749444781,0.0004037956793862306,0.0004037956793862306,1.0,0.003920914527071884,0.010802566863408969,0.8393455685428632,0.14920250353321218,0.907126993741167,0.8291944276196245,0.8396242123456452,0.024663404083591245,0.9997981021603068,0.0,A,S2A4
0.05488277688940428,0.2557955220923321,0.023248625018998704,0.16722805627105208,0.9804894816935587,0.22587675847037844,0.00039627501486031304,0.00039627501486031304,1.0,0.05896044817325352,0.149205226330682,0.8519948299224831,0.12185456706954627,0.8934020210025758,0.8361402813552605,0.8256917233601511,0.00800923100915607,0.9998018232263178,1.0,A,S2A4
