F1v,N1,N2,N3,LSC,T1,T2,T3,T4,C1,C2,L1,L2,L3,N4,density,clustering_coefficient,hubs,att_value,att,dataset
0.06165280310118485,0.28770442156268927,0.014793120464427507,0.19362002826569757,0.9817094335043371,0.2547950736927115,0.0004037956793862306,0.0004037956793862306,1.0,0.1442302697188128,0.32381824282687166,0.8614198962803344,0.13729053099131838,0.859882899252978,0.788007268322229,0.8150292882334657,0.03375362269392257,0.9997981021603068,0.0,A,S4E3_2
0.02607663086905869,0.17059639389736478,0.014430856592767254,0.11808995442837333,0.9016368780579651,0.15652863086982366,0.00039627501486031304,0.00019813750743015652,0.5,0.2483671099525926,0.4894767407003986,0.8912845233340436,0.08242520309094511,0.8842876956607886,0.856944719635427,0.3464631041338646,0.004859272664724301,0.9998018624925699,1.0,A,S4E3_2
