F1v,N1,N2,N3,LSC,T1,T2,T3,T4,C1,C2,L1,L2,L3,N4,density,clustering_coefficient,hubs,att_value,att,dataset
0.061501523591542574,0.1730264486169998,0.0076511918310440295,0.11811023622047245,0.9471939930073154,0.15505754088431253,0.0004037956793862306,0.0004037956793862306,1.0,0.5024208685548623,0.7583924832065309,0.901528940662541,0.10922673127397536,0.5013123359580053,0.7189582071471835,0.7607167308075555,0.04252321774990897,0.9997981021603068,0.0,A,S4E1_4
0.04692100724822037,0.1093719041014464,0.007353300032463702,0.074697840301169,0.80811679897884,0.09926689122250842,0.00039627501486031304,0.00039627501486031304,1.0,0.4480812223066205,0.7126221380374937,0.9274930281460275,0.052902714483851795,0.867049732514365,0.8706162076481078,0.6422655867309159,0.0036357251221991183,0.9998018232263178,1.0,A,S4E1_4
