F1v,N1,N2,N3,LSC,T1,T2,T3,T4,C1,C2,L1,L2,L3,N4,density,clustering_coefficient,hubs,att_value,att,dataset
0.061579083628660915,0.22572178477690288,0.011443426924675442,0.1536442560064607,0.9678835281404948,0.2008883504946497,0.0004037956793862306,0.0004037956793862306,1.0,0.3427619092433979,0.6073766627450035,0.890522389563345,0.1160912578235413,0.723198061780739,0.7508580658186957,0.7836005788825298,0.039261810357870575,0.9997981021603068,0.0,A,S4E3_3
0.025402753213435925,0.1244303546661383,0.006183211910363326,0.08737864077669899,0.7515072603243794,0.11313651674261938,0.00039627501486031304,0.00019813750743015652,0.5,0.3827962752629206,0.6502365007668398,0.9222371223307151,0.056667327125024765,0.8813156330493362,0.8735882702595601,0.2676207894699849,0.00355088230102818,0.9998018624925699,1.0,A,S4E3_3
