F1v,N1,N2,N3,LSC,T1,T2,T3,T4,C1,C2,L1,L2,L3,N4,density,clustering_coefficient,hubs,att_value,att,dataset
0.06172347702593799,0.3038562487381385,0.01579115636092708,0.19866747425802544,0.9844963411162851,0.2681203311124571,0.0004037956793862306,0.0004037956793862306,1.0,0.059019099412918274,0.14934064598565677,0.8477104987937535,0.14597213809812234,0.8863315162527761,0.7958812840702605,0.8308307296992374,0.029705971642353668,0.9997981021603068,0.0,A,S4E2_1
0.037111089982086745,0.2124034079651278,0.01781852615208789,0.1438478303942936,0.9213403124950804,0.1906082821478106,0.00039627501486031304,0.00039627501486031304,1.0,0.16130388577892252,0.35410921706137377,0.8714960271610552,0.10204081632653061,0.8876560332871013,0.8498117693679413,0.5194569383113832,0.006038355432338438,0.9998018624925699,1.0,A,S4E2_1
