F1v,N1,N2,N3,LSC,T1,T2,T3,T4,C1,C2,L1,L2,L3,N4,density,clustering_coefficient,hubs,att_value,att,dataset
0.06120607720382883,0.30163537250151423,0.015777373769053426,0.1980617807389461,0.9840569595669106,0.26993741166969515,0.0004037956793862306,0.0004037956793862306,1.0,0.061079538290173985,0.15408301815239078,0.8457671064702641,0.14556834241873612,0.8820916616192207,0.8013325257419746,0.8302816262854679,0.029827438844100218,0.9997981021603068,0.0,A,S4F3_1
0.03612936420107154,0.2723669309173273,0.02468301128177176,0.17355605889014725,0.9721226989222626,0.2369762174405436,0.0005662514156285391,0.00028312570781426955,0.5,0.43497052286606375,0.7007795307818324,0.7901677475359917,0.1327859569648924,0.4980181200453001,0.6138165345413363,0.5344754260356339,0.14789892076899103,0.9997168742921857,1.0,A,S4F3_1
