F1v,N1,N2,N3,LSC,T1,T2,T3,T4,C1,C2,L1,L2,L3,N4,density,clustering_coefficient,hubs,att_value,att,dataset
0.06135185081244765,0.30183727034120733,0.015768430889658826,0.1976579850595599,0.9842385983259804,0.26711084191399154,0.0004037956793862306,0.0004037956793862306,1.0,0.059873131314226335,0.15130984067956332,0.8456870557258767,0.14637593377750857,0.8940036341611145,0.7974964667878054,0.8305967043357806,0.029724583668441218,0.9997981021603068,0.0,A,S2F2_1
0.18247571189289616,0.264722536806342,0.013782690530256526,0.17553793884484714,0.9690959311982085,0.23244620611551528,0.0005662514156285391,0.0005662514156285391,1.0,0.33935034233012873,0.6035453201563489,0.7972426038187466,0.15543601359003398,0.5271800679501699,0.6857304643261608,0.8547307731905693,0.14718183208067048,0.9997168742921857,1.0,A,S2F2_1
