F1v,N1,N2,N3,LSC,T1,T2,T3,T4,C1,C2,L1,L2,L3,N4,density,clustering_coefficient,hubs,att_value,att,dataset
0.059282632987162846,0.30688471633353526,0.019162404755459876,0.2025035332121946,0.9868499408267719,0.27458106198263676,0.0004037956793862306,0.0004037956793862306,1.0,9.553602891121393e-05,0.0002648411943235729,0.8370496774446268,0.1451645467393499,0.91055925701595,0.8281849384211589,0.8393721662137827,0.022970654507922128,0.9997981021603068,0.0,A,S3F0_0
0.08803751347507588,0.34478203434610305,0.03034783582001805,0.22567151034786437,0.9922191063358747,0.3033905768383972,0.00044033465433729633,0.00044033465433729633,1.0,0.017699033065732728,0.04770542670285005,0.8132368324739975,0.1690885072655218,0.8800088066930868,0.7835755173932188,0.8689717860976236,0.10988909852392947,0.9997798326728313,1.0,A,S3F0_0
