F1v,N1,N2,N3,LSC,T1,T2,T3,T4,C1,C2,L1,L2,L3,N4,density,clustering_coefficient,hubs,att_value,att,dataset
0.061973675447230224,0.22228952150211992,0.00947006841722697,0.14920250353321218,0.9603517971007014,0.19785988289925296,0.0004037956793862306,0.0004037956793862306,1.0,0.360155163926122,0.6264635202692046,0.8945022600415954,0.11245709670906522,0.6929133858267716,0.7345043408035534,0.7810367372526303,0.0396616839945364,0.9997981021603068,0.0,A,S4E0_4
0.06141945209212736,0.14166831781256192,0.01192907369504479,0.09074697840301171,0.9293875925719673,0.12462849217356846,0.00039627501486031304,0.00039627501486031304,1.0,0.36498937510321927,0.6316391106694152,0.9089325071471837,0.06736675252625322,0.8573409946502873,0.8488210818307905,0.7665684228389206,0.004133967884084044,0.9998018232263178,1.0,A,S4E0_4
