F1v,N1,N2,N3,LSC,T1,T2,T3,T4,C1,C2,L1,L2,L3,N4,density,clustering_coefficient,hubs,att_value,att,dataset
0.060349125217774566,0.278417120936806,0.014423043379207513,0.1897839693115284,0.9800114209038412,0.2523722996163941,0.0004037956793862306,0.0004037956793862306,1.0,0.18625127768832284,0.3959968916656559,0.8646308553559988,0.13264688067837674,0.8443367655966081,0.7750858065818695,0.8078704768279011,0.035195329644302054,0.9997981021603068,0.0,A,S3F3_1
0.16171393384784255,0.11834654586636467,0.00261200182644072,0.08012457531143824,0.883981305366627,0.22451868629671573,0.0005662514156285391,0.0005662514156285391,1.0,0.6635400949487,0.8677333581175964,0.88925041771687,0.0622876557191393,0.5181200453001132,0.6653454133635334,0.8326512978559422,0.15533599145115973,0.9997168742921857,1.0,A,S3F3_1
