F1v,N1,N2,N3,LSC,T1,T2,T3,T4,C1,C2,L1,L2,L3,N4,density,clustering_coefficient,hubs,att_value,att,dataset
0.06161422508231931,0.2873006258833031,0.014795958836325304,0.19301433474661822,0.9817095965552878,0.2543912780133253,0.0004037956793862306,0.0004037956793862306,1.0,0.14313355417465035,0.3218249485151745,0.8610519866050007,0.13769432667070464,0.8661417322834646,0.7938623056733293,0.8152161008145388,0.0337300279427688,0.9997981021603068,0.0,A,S2A8
0.04865544368102245,0.17475728155339806,0.011767938513073601,0.11868436695066376,0.9417314768420753,0.15712304339211414,0.00039627501486031304,0.00039627501486031304,1.0,0.21677888178084836,0.44374358222091825,0.8907756126716482,0.08460471567267684,0.8878541707945314,0.8563503071131365,0.7938842136978057,0.005322654046158726,0.9998018232263178,1.0,A,S2A8
