F1v,N1,N2,N3,LSC,T1,T2,T3,T4,C1,C2,L1,L2,L3,N4,density,clustering_coefficient,hubs,att_value,att,dataset
0.0606874005850007,0.3036543508984454,0.015718860276134644,0.19503331314354933,0.9844466105763243,0.2667070462346053,0.0004037956793862306,0.0004037956793862306,1.0,0.05004524289399048,0.12834227332454984,0.8466434340713047,0.14637593377750857,0.8873410054512417,0.8079951544518473,0.8321636957676799,0.029129219646158444,0.9997981021603068,0.0,A,S3D3_0
0.048667615293185855,0.15219976218787157,0.018931832449590937,0.09671026555687678,0.9156674959771607,0.13832738803012287,0.0007927070947284979,0.0007927070947284979,1.0,0.2996658461720667,0.556735968569614,0.9047276566568159,0.07372175980975029,0.880697582243361,0.8592944906856916,0.7778983265392275,0.004899266262913926,0.999603489294211,1.0,A,S3D3_0
