F1v,N1,N2,N3,LSC,T1,T2,T3,T4,C1,C2,L1,L2,L3,N4,density,clustering_coefficient,hubs,att_value,att,dataset
0.060639312898741866,0.2590349283262669,0.011521198143052094,0.1762568140520896,0.970356155044986,0.231173026448617,0.0004037956793862306,0.0004037956793862306,1.0,0.23132085625097076,0.4652375705290588,0.8740317375341944,0.12719563900666264,0.8100141328487785,0.7708459519483142,0.8005993821730405,0.03636297184052928,0.9997981021603068,0.0,A,S2E1_3
0.05055537509309674,0.15831186843669506,0.010949280266468617,0.10778680404200514,0.9331820416517468,0.14206459282742223,0.00039627501486031304,0.00039627501486031304,1.0,0.28622994941750024,0.5398967698519129,0.902500897306251,0.07489597780859916,0.8916187834357043,0.8539726570239746,0.7815015632199621,0.004751186741207114,0.9998018232263178,1.0,A,S2E1_3
