F1v,N1,N2,N3,LSC,T1,T2,T3,T4,C1,C2,L1,L2,L3,N4,density,clustering_coefficient,hubs,att_value,att,dataset
0.06095819166653997,0.24470018170805571,0.011773186106489976,0.16495053502927515,0.9678135385199107,0.2194629517464163,0.0004037956793862306,0.0004037956793862306,1.0,0.27030709964030186,0.5192435434299114,0.8781926096022842,0.1215424994952554,0.7964869775893398,0.7637795275590551,0.7944441889463705,0.03741520429892209,0.9997981021603068,0.0,A,S3F4_2
0.18415820778917624,0.008323424494649227,0.001230718779240767,0.0055489496630994894,0.628947256386704,0.48910027744748313,0.0007927070947284979,0.0007927070947284979,1.0,0.972437641787352,0.9944356551540565,0.9944815093771157,0.0027744748315497426,0.4887039239001189,0.5307173999207293,0.8226860072110571,0.1635573027803282,0.9996036464526358,1.0,A,S3F4_2
