F1v,N1,N2,N3,LSC,T1,T2,T3,T4,C1,C2,L1,L2,L3,N4,density,clustering_coefficient,hubs,att_value,att,dataset
0.05987440264620969,0.31758530183727035,0.01748901247839881,0.20734908136482944,0.987020451358457,0.280234201494044,0.0004037956793862306,0.0004037956793862306,1.0,0.01875919876905119,0.05047867842462028,0.8406469458320147,0.15162527760952957,0.9006662628709873,0.8122350090854028,0.8375161086099481,0.026828046050135113,0.9997981021603068,0.0,A,S4A6
0.03788127380384575,0.24529423419853377,0.029937630824637296,0.16742619377848222,0.9744280521567643,0.22131959579948485,0.00039627501486031304,0.00019813750743015652,0.5,0.10718595167104428,0.2530816855236786,0.8557112253218948,0.11729740439865266,0.8858727957202298,0.8381216564295622,0.4730750917593409,0.0075057553609427785,0.9998018624925699,1.0,A,S4A6
