F1v,N1,N2,N3,LSC,T1,T2,T3,T4,C1,C2,L1,L2,L3,N4,density,clustering_coefficient,hubs,att_value,att,dataset
0.06166333878627258,0.2870987280436099,0.01479634099384165,0.1922067433878457,0.9812156744629071,0.2560064607308702,0.0004037956793862306,0.0004037956793862306,1.0,0.14533165020208672,0.3258141198618707,0.8602590307873027,0.13547345043408035,0.8663436301231577,0.788007268322229,0.8148370938844525,0.03377786249668946,0.9997981021603068,0.0,A,S3F3_2
0.2141430941569584,0.053904082441537854,0.00074684410358716,0.03686087990487519,0.6504139718788493,0.4831549742370194,0.0007927070947284979,0.0007927070947284979,1.0,0.8464021005320743,0.9546241106216309,0.9574955388722958,0.02219579865239794,0.5045580657946889,0.6123662306777645,0.8262393591959524,0.1613120216711592,0.9996036464526358,1.0,A,S3F3_2
