F1v,N1,N2,N3,LSC,T1,T2,T3,T4,C1,C2,L1,L2,L3,N4,density,clustering_coefficient,hubs,att_value,att,dataset
0.05963984701021704,0.30547143145568345,0.01957790070621748,0.19987886129618415,0.9874083903328885,0.27135069654754695,0.0004037956793862306,0.0004037956793862306,1.0,0.00034937831305303924,0.0009681353026329553,0.841170452752888,0.145366444579043,0.9119725418938017,0.8221280032303654,0.8398136342687499,0.023434424852447955,0.9997981021603068,0.0,A,S4A2
0.049568653588917946,0.2779869229245096,0.023413548427056445,0.18268278185060427,0.9743749747028222,0.24212403407965127,0.00039627501486031304,0.00039627501486031304,1.0,0.04124186923855888,0.10718349624980616,0.8458042299460403,0.12958192985932238,0.9058846839706757,0.844263919159897,0.7959039276711735,0.008330023486053939,0.9998018232263178,1.0,A,S4A2
