F1v,N1,N2,N3,LSC,T1,T2,T3,T4,C1,C2,L1,L2,L3,N4,density,clustering_coefficient,hubs,att_value,att,dataset
0.06064942003000988,0.24369069250959013,0.011691975197143397,0.16495053502927515,0.9687055087456657,0.21764587118917827,0.0004037956793862306,0.0004037956793862306,1.0,0.2671449348781615,0.5150488037655407,0.8778119656501049,0.1241671714112659,0.7960831819099535,0.7641833232384414,0.79476644268727,0.03732563543082401,0.9997981021603068,0.0,A,S3A10
0.04863868473252578,0.14781058054289678,0.010907190217162572,0.10045571626708938,0.9326891122791903,0.13235585496334457,0.00039627501486031304,0.00039627501486031304,1.0,0.31024982494148046,0.569637319671026,0.9105675960596077,0.06736675252625322,0.8959778085991679,0.863285119873192,0.7772137170538479,0.004514852912134493,0.9998018232263178,1.0,A,S3A10
