F1v,N1,N2,N3,LSC,T1,T2,T3,T4,C1,C2,L1,L2,L3,N4,density,clustering_coefficient,hubs,att_value,att,dataset
0.05884739853748724,0.3107207752877044,0.0161239336823016,0.199676963456491,0.9844523173595986,0.274984857662023,0.0004037956793862306,0.0004037956793862306,1.0,0.02574950798941522,0.06853516110769031,0.840962227582532,0.1494044013729053,0.8938017363214213,0.8011306279022814,0.8361062484935127,0.027415327049089555,0.9997981021603068,0.0,A,S3F2_3
0.26771640242018996,0.05548216644649934,0.0009446544909110995,0.031704095112285335,0.735402644450998,0.43064729194187584,0.001321003963011889,0.0006605019815059445,0.5,0.8449775233343829,0.9540782895805537,0.9570163008954817,0.022457067371202115,0.4940554821664465,0.5937912813738441,0.8252930786551778,0.1578533568524796,0.9993394980184941,1.0,A,S3F2_3
