F1v,N1,N2,N3,LSC,T1,T2,T3,T4,C1,C2,L1,L2,L3,N4,density,clustering_coefficient,hubs,att_value,att,dataset
0.05797549714042768,0.295982232990107,0.0196647334717411,0.2016959418534222,0.9863605841610106,0.2677165354330709,0.0004037956793862306,0.0004037956793862306,1.0,0.007042604852790069,0.01930627059588641,0.8411779019384886,0.14092469210579447,0.9061175045427013,0.8364627498485766,0.8366565750363595,0.0210231061804822,0.9997981021603068,0.0,A,S2D0_0
0.06009888532362464,0.30202140309155767,0.04313229512386548,0.2041220768925882,0.9838701543893681,0.267538644470868,0.0007927070947284979,0.0007927070947284979,1.0,0.009884346208429484,0.026973815329557782,0.8296221782720811,0.1549742370194213,0.8993261989694807,0.8267934998018233,0.8360663369803091,0.009946132956774378,0.999603489294211,1.0,A,S2D0_0
