F1v,N1,N2,N3,LSC,T1,T2,T3,T4,C1,C2,L1,L2,L3,N4,density,clustering_coefficient,hubs,att_value,att,dataset
0.06298231145433128,0.40702604482132043,0.03774860917876186,0.26731273975368464,0.995170675416959,0.3615990308903695,0.0004037956793862306,0.0004037956793862306,1.0,0.005021256041472744,0.01380970188858932,0.7801778706236059,0.20048455481526348,0.850999394306481,0.7591358772461134,0.8364042027367431,0.02067374116971976,0.9997981021603068,0.0,A,S4B0_0
0.055683691880551195,0.3768575391321577,0.05502217637136789,0.24608678422825436,0.9960126347895465,0.3318803249455122,0.00039627501486031304,0.00039627501486031304,1.0,0.014041116789246355,0.0380652425760073,0.8001815270990419,0.17891816920943135,0.8599167822468793,0.7699623538735882,0.8328914701999383,0.009903874549159752,0.9998018624925699,1.0,A,S4B0_0
