F1v,N1,N2,N3,LSC,T1,T2,T3,T4,C1,C2,L1,L2,L3,N4,density,clustering_coefficient,hubs,att_value,att,dataset
0.05889676528946623,0.30607712497476275,0.019433057273779097,0.20613769432667073,0.9875000249671768,0.2755905511811024,0.0004037956793862306,0.0004037956793862306,1.0,0.004138911048971239,0.011399176924710042,0.8378803280493193,0.14354936402180496,0.9127801332525742,0.8211185140318998,0.8377634253093783,0.02176223947514455,0.9997981021603068,0.0,A,S4E0_0
0.053452756162331666,0.2694670101050129,0.02794798766688456,0.18347533188032494,0.988349263308887,0.23994452149791956,0.00039627501486031304,0.00039627501486031304,1.0,0.015269434799163761,0.0413148304515526,0.8482712366530284,0.13057261739647316,0.913810184267882,0.8496136318605112,0.8327285111758738,0.009460917830645732,0.9998018232263178,1.0,A,S4E0_0
