F1v,N1,N2,N3,LSC,T1,T2,T3,T4,C1,C2,L1,L2,L3,N4,density,clustering_coefficient,hubs,att_value,att,dataset
0.06146334183198486,0.1427417726630325,0.005751638245308965,0.09650716737330911,0.9155976944432521,0.12719563900666264,0.0004037956793862306,0.0004037956793862306,1.0,0.5839172375648634,0.8181477712192143,0.9225181598062954,0.08398950131233596,0.49888956188168787,0.6977589339794065,0.7504996889990466,0.04385113827209974,0.9997981021603068,0.0,A,S4E4_4
0.0814600090552551,0.08500099068753715,0.003793378093258422,0.05468595205072324,0.5884012258222284,0.0760848028531801,0.00039627501486031304,0.00019813750743015652,0.5,0.5122574453278284,0.7661425253540082,0.9434396015165365,0.04160887656033287,0.8714087576778284,0.8787398454527442,0.1911582911937627,0.003435930023635403,0.9998018232263178,1.0,A,S4E4_4
