F1v,N1,N2,N3,LSC,T1,T2,T3,T4,C1,C2,L1,L2,L3,N4,density,clustering_coefficient,hubs,att_value,att,dataset
0.058757940851521244,0.3091055925701595,0.020475439575685036,0.20896426408237434,0.9880338945424768,0.2774076317383404,0.0004037956793862306,0.0004037956793862306,1.0,0.002809356873419211,0.007753954999433432,0.8361544266293244,0.14455885322027054,0.9006662628709873,0.8229355945891379,0.838139659813556,0.021964706366309428,0.9997981021603068,0.0,A,S4D3_1
0.08087627898455828,0.16865079365079366,0.0618802021131465,0.11309523809523814,0.8504818594104309,0.15873015873015872,0.003968253968253968,0.001984126984126984,0.5,0.19188181469374344,0.40508331972925804,0.8607367191929309,0.1130952380952381,0.8333333333333334,0.8888888888888888,0.40816213828142256,0.0418231692351102,0.998015873015873,1.0,A,S4D3_1
