F1v,N1,N2,N3,LSC,T1,T2,T3,T4,C1,C2,L1,L2,L3,N4,density,clustering_coefficient,hubs,att_value,att,dataset
0.05776279528039238,0.2975974157076519,0.01968744709660895,0.20230163537250156,0.9862140828818147,0.26852412679184334,0.0004037956793862306,0.0004037956793862306,1.0,0.007691707085224597,0.021063810307046404,0.8377991566310955,0.1415303856248738,0.90732889158086,0.8400969109630527,0.8365058855340362,0.02102558724313497,0.9997981021603068,0.0,A,S3D0_3
0.04700395709184385,0.26666666666666666,0.25436840067464134,0.2666666666666667,0.6177777777777778,0.9333333333333333,0.13333333333333333,0.13333333333333333,1.0,0.2780719051126377,0.5294117647058824,0.7319320079009146,0.2,0.6666666666666666,1.0,0.6222222222222222,0.2933333333333332,0.9,1.0,A,S3D0_3
