F1v,N1,N2,N3,LSC,T1,T2,T3,T4,C1,C2,L1,L2,L3,N4,density,clustering_coefficient,hubs,att_value,att,dataset
0.05890994765235177,0.3143549364021805,0.016263256763741622,0.20472440944881887,0.9846363203574533,0.2786190187764991,0.0004037956793862306,0.0004037956793862306,1.0,0.021501721317424338,0.05760999544810652,0.8404665019522439,0.15021199273167776,0.9040985261457702,0.8211185140318998,0.8366882133084924,0.026998118510279112,0.9997981021603068,0.0,A,S2F1_1
0.1814614771388383,0.33748584371460927,0.027485717696542334,0.2222536806342016,0.9885378176426755,0.29586636466591165,0.0005662514156285391,0.0005662514156285391,1.0,0.18205984972786715,0.389147198735596,0.798432693527454,0.17015855039637598,0.7324462061155153,0.7063986409966025,0.8675444766351933,0.14189870135896887,0.9997168742921857,1.0,A,S2F1_1
