F1v,N1,N2,N3,LSC,T1,T2,T3,T4,C1,C2,L1,L2,L3,N4,density,clustering_coefficient,hubs,att_value,att,dataset
0.06123841691981069,0.2971936200282657,0.015980430427251887,0.199676963456491,0.9845916036342264,0.2632747829598223,0.0004037956793862306,0.0004037956793862306,1.0,0.09342780211015589,0.22490061460085675,0.8536653532031805,0.14052089642640825,0.8770442156268928,0.8057742782152231,0.8244249580955978,0.031551485716618144,0.9997981021603068,0.0,A,S2A7
0.04953374635165331,0.18902318208836932,0.015948922104208448,0.12324152962155732,0.9565644660029289,0.1668317812561918,0.00039627501486031304,0.00039627501486031304,1.0,0.17814210879205217,0.3826775597146267,0.8811902207157798,0.09332276599960372,0.8823063205864871,0.8496136318605112,0.8009385212045219,0.005788799721842319,0.9998018232263178,1.0,A,S2A7
