F1v,N1,N2,N3,LSC,T1,T2,T3,T4,C1,C2,L1,L2,L3,N4,density,clustering_coefficient,hubs,att_value,att,dataset
0.06169972228417206,0.2992125984251969,0.01572233180211008,0.19705229154048054,0.9844962595908098,0.264486169997981,0.0004037956793862306,0.0004037956793862306,1.0,0.06932127889171291,0.17276565114705045,0.8509018563273324,0.14253987482333938,0.8816878659398344,0.8051685846961437,0.8289288455259732,0.030245824714252523,0.9997981021603068,0.0,A,S4E4_1
0.08301760087027008,0.21081830790568654,0.014412291150000015,0.14464038042401428,0.9181760011469755,0.1914008321775312,0.00039627501486031304,0.00019813750743015652,0.5,0.17692933609958217,0.3806615113824793,0.8718612551196929,0.10005944125222904,0.8767584703784427,0.8408955815335843,0.38565349429451234,0.005957450400593922,0.9998018232263178,1.0,A,S4E4_1
