F1v,N1,N2,N3,LSC,T1,T2,T3,T4,C1,C2,L1,L2,L3,N4,density,clustering_coefficient,hubs,att_value,att,dataset
0.06171470426004004,0.2866949323642237,0.014751778042942797,0.19422572178477693,0.9816511835522027,0.2547950736927115,0.0004037956793862306,0.0004037956793862306,1.0,0.15402643862595078,0.3413658626226953,0.8627681606160561,0.1360791439531597,0.8439329699172219,0.7732687260246316,0.8132897540597285,0.03415102258377389,0.9997981021603068,0.0,A,S4E0_3
0.05822304963554815,0.18387160689518525,0.01727978805726345,0.12423221715870814,0.9594045023735476,0.16306716861501883,0.00039627501486031304,0.00039627501486031304,1.0,0.21882796722071818,0.4468192708683625,0.8852125243778981,0.09015256588072122,0.878541707945314,0.8585298196948682,0.7922844223628249,0.005334658673558201,0.9998018232263178,1.0,A,S4E0_3
