F1v,N1,N2,N3,LSC,T1,T2,T3,T4,C1,C2,L1,L2,L3,N4,density,clustering_coefficient,hubs,att_value,att,dataset
0.05783849480380369,0.29658792650918636,0.019662749617098154,0.2016959418534222,0.986265240117594,0.26751463759337774,0.0004037956793862306,0.0004037956793862306,1.0,0.007334086547982066,0.020095951731170625,0.8387125029678257,0.1415303856248738,0.9081364829396326,0.8326266908944074,0.8365468195871564,0.02104994894831491,0.9997981021603068,0.0,A,S2D2_3
0.03974971964783299,0.26666666666666666,0.23028235291445792,0.19999999999999996,0.49777777777777776,0.9333333333333333,0.13333333333333333,0.13333333333333333,1.0,0.43349049344709467,0.6994219653179191,0.793003621846232,0.13333333333333333,0.3333333333333333,1.0,0.6,0.2933333333333332,0.9,1.0,A,S2D2_3
