F1v,N1,N2,N3,LSC,T1,T2,T3,T4,C1,C2,L1,L2,L3,N4,density,clustering_coefficient,hubs,att_value,att,dataset
0.05826089864017371,0.30304865737936604,0.016557294357169107,0.20109024833434286,0.9859515708512022,0.2695336159903089,0.0004037956793862306,0.0004037956793862306,1.0,0.0021605452318281815,0.005969441977757173,0.8394542280839393,0.1494044013729053,0.9133858267716536,0.8384817282455078,0.8394408245259886,0.024003811113002316,0.9997981021603068,0.0,A,S4D2_0
0.0431883540380857,0.22235434007134364,0.030939073432989534,0.14506539833531507,0.9019520608577858,0.2025366627031312,0.0007927070947284979,0.0007927070947284979,1.0,0.13890865483015846,0.31409093617782,0.86689732907191,0.10780816488307571,0.8810939357907254,0.8422512881490289,0.5348374651854799,0.0068207183898375545,0.9996036464526358,1.0,A,S4D2_0
