F1v,N1,N2,N3,LSC,T1,T2,T3,T4,C1,C2,L1,L2,L3,N4,density,clustering_coefficient,hubs,att_value,att,dataset
0.06028141111422986,0.30971128608923887,0.01912748105304683,0.20533010296789822,0.9870505750215971,0.2770038360589542,0.0004037956793862306,0.0004037956793862306,1.0,0.000311970581860499,0.0008645299003562368,0.839203307909051,0.1451645467393499,0.9196446598021402,0.8407026044821321,0.8393370216382949,0.022791393574522423,0.9997981021603068,0.0,A,S2D1_0
0.05749614261631945,0.27070947284978203,0.03349908362427013,0.18034086405073324,0.9674330287396381,0.2390011890606421,0.0007927070947284979,0.0007927070947284979,1.0,0.05577486501608209,0.14181434341730026,0.85472659848447,0.12286959968291716,0.9084423305588585,0.8394768133174791,0.8253157222392962,0.008173627184847931,0.999603489294211,1.0,A,S2D1_0
