F1v,N1,N2,N3,LSC,T1,T2,T3,T4,C1,C2,L1,L2,L3,N4,density,clustering_coefficient,hubs,att_value,att,dataset
0.05804876531726748,0.29678982434887946,0.019672969013452016,0.20149404401372906,0.9862346273016017,0.2677165354330709,0.0004037956793862306,0.0004037956793862306,1.0,0.007511827148992012,0.020577124498844745,0.83853246796932,0.14072279426610135,0.9145972138098122,0.84251968503937,0.8365568492455903,0.02101201993659929,0.9997981021603068,0.0,A,S2D1_3
0.03974971964783299,0.26666666666666666,0.2308924928631727,0.19999999999999996,0.48,0.9333333333333333,0.13333333333333333,0.13333333333333333,1.0,0.43349049344709467,0.6994219653179191,0.7933325934285553,0.13333333333333333,0.4,1.0,0.6,0.2933333333333332,0.9,1.0,A,S2D1_3
