F1v,N1,N2,N3,LSC,T1,T2,T3,T4,C1,C2,L1,L2,L3,N4,density,clustering_coefficient,hubs,att_value,att,dataset
0.059429764497379294,0.30426004441752474,0.0162161549076511,0.19584090450232183,0.9848069939400891,0.26852412679184334,0.0004037956793862306,0.0004037956793862306,1.0,0.033485606257448564,0.08806493353759759,0.846524238564667,0.14577024025842925,0.9030890369473047,0.8146577831617202,0.8349494945541401,0.027846197771753678,0.9997981021603068,0.0,A,S4E1_1
0.044778915206740405,0.2306320586487022,0.025442619857418292,0.15355656825837127,0.9630681422251207,0.20685555775708342,0.00039627501486031304,0.00039627501486031304,1.0,0.11632450356596402,0.27120758267977596,0.863790266892804,0.11174955419060828,0.896175946106598,0.8452546066970478,0.7259148048066804,0.006780733102903169,0.9998018232263178,1.0,A,S4E1_1
