F1v,N1,N2,N3,LSC,T1,T2,T3,T4,C1,C2,L1,L2,L3,N4,density,clustering_coefficient,hubs,att_value,att,dataset
0.05876258290193565,0.3143549364021805,0.016263541578501583,0.20472440944881887,0.9845354733444509,0.27922471229557844,0.0004037956793862306,0.0004037956793862306,1.0,0.0210983135413505,0.05656487221024742,0.8403885518184357,0.14960629921259844,0.8986472844740562,0.8180900464365032,0.8367438249105403,0.02695813230734867,0.9997981021603068,0.0,A,S3F1_2
0.26594164190007435,0.26119698771304,0.029080525928076202,0.1827189853349187,0.9781518550932687,0.23345223939754262,0.0007927070947284979,0.0007927070947284979,1.0,0.37302263778068534,0.6401188221609098,0.7693606432623131,0.15695600475624258,0.5116924296472454,0.6868806975822433,0.8546954065421281,0.15341897761193468,0.9996036464526358,1.0,A,S3F1_2
