F1v,N1,N2,N3,LSC,T1,T2,T3,T4,C1,C2,L1,L2,L3,N4,density,clustering_coefficient,hubs,att_value,att,dataset
0.06159038358822569,0.4110640016151827,0.03464608555520436,0.2719563900666263,0.9950154916746389,0.36422370280637995,0.0004037956793862306,0.0004037956793862306,1.0,0.003708830940104213,0.010221737696219368,0.7880584759381469,0.20815667272360186,0.8499899051080153,0.7466182111851403,0.8376122465554239,0.02275288633057937,0.9997981021603068,0.0,A,S4B1_0
0.04766241629950187,0.3394095502278581,0.05717304997282478,0.22924509609669108,0.9954546933876053,0.3045373489201506,0.00039627501486031304,0.00039627501486031304,1.0,0.060303622717596594,0.15230055625655337,0.8084980626712859,0.16326530612244897,0.856944719635427,0.7891816920943134,0.7438958451672,0.008354248586442625,0.9998018624925699,1.0,A,S4B1_0
