F1v,N1,N2,N3,LSC,T1,T2,T3,T4,C1,C2,L1,L2,L3,N4,density,clustering_coefficient,hubs,att_value,att,dataset
0.058870845701547186,0.3113264688067838,0.01615851780489215,0.2012921461740359,0.9844534994789911,0.2751867555017161,0.0004037956793862306,0.0004037956793862306,1.0,0.026645814821776193,0.0708219815270118,0.8425794492232334,0.14839491217443973,0.8938017363214213,0.8138501918029477,0.8359443877456165,0.02744946368269019,0.9997981021603068,0.0,A,S4F4_3
0.6461833472428149,0.013870541611624834,0.005343924573534942,0.009907529722589126,0.8356048086638316,0.013210039630118891,0.001321003963011889,0.0006605019815059445,0.5,0.9574814761716818,0.9907102203427594,0.9908370729768625,0.004623513870541612,0.48348745046235136,0.4867899603698811,0.4248184601791082,0.15770274495552672,0.9993394980184941,1.0,A,S4F4_3
