F1v,N1,N2,N3,LSC,T1,T2,T3,T4,C1,C2,L1,L2,L3,N4,density,clustering_coefficient,hubs,att_value,att,dataset
0.060360799746388305,0.290732889158086,0.022970650435274353,0.18877448011306275,0.9878242110198882,0.2578235412881082,0.0004037956793862306,0.0004037956793862306,1.0,0.34091613080277794,0.6053074048097155,0.8574637341530318,0.16616192206743388,0.5053502927518676,0.6598021401171007,0.7782314499428717,0.03558037397092095,0.9997981021603068,0.0,A,S2B4_4
0.05709096789254295,0.18624925698434713,0.01828620034014567,0.1264117297404399,0.9611926865078722,0.16603923122647118,0.00039627501486031304,0.00039627501486031304,1.0,0.3528223904228138,0.6185065881541709,0.8811382378867049,0.08618981573211809,0.8030513176144244,0.7996829799881118,0.7711126194587368,0.0068879452272421204,0.9998018624925699,1.0,A,S2B4_4
