F1v,N1,N2,N3,LSC,T1,T2,T3,T4,C1,C2,L1,L2,L3,N4,density,clustering_coefficient,hubs,att_value,att,dataset
0.05826495029906966,0.3036543508984454,0.01659393896090896,0.19987886129618415,0.9859183084572612,0.26872602463153644,0.0004037956793862306,0.0004037956793862306,1.0,0.0010284763825864074,0.0028468064178963637,0.8396532491545705,0.1479911164950535,0.91055925701595,0.8326266908944074,0.8395381040586032,0.023744045755517584,0.9997981021603068,0.0,A,S2E0_1
0.05373565669507982,0.2631266098672479,0.022222739570347826,0.1729740439865266,0.9800981532461516,0.23300970873786409,0.00039627501486031304,0.00039627501486031304,1.0,0.045803599526910044,0.11821803684146015,0.847475330054492,0.1293837923518922,0.9048939964335249,0.8333663562512383,0.8279150742799545,0.00830628048870774,0.9998018232263178,1.0,A,S2E0_1
