F1v,N1,N2,N3,LSC,T1,T2,T3,T4,C1,C2,L1,L2,L3,N4,density,clustering_coefficient,hubs,att_value,att,dataset
0.0605530848996779,0.28083989501312334,0.01441446941051693,0.19119725418938016,0.9800288265928274,0.2533817888148597,0.0004037956793862306,0.0004037956793862306,1.0,0.1805853704721968,0.3867199617109014,0.8640926842370138,0.13305067635776296,0.8431253785584494,0.7783161720169595,0.8090052959858208,0.03503948014105107,0.9997981021603068,0.0,A,S3F3_0
0.07895353081612393,0.19264641127256715,0.006663000828962473,0.12989872302950245,0.9329753360242027,0.17217084984588288,0.00044033465433729633,0.00044033465433729633,1.0,0.33835180388557284,0.6024183655302429,0.8753644162305791,0.095112285336856,0.7939233817701453,0.789740202553941,0.8330994934260586,0.1180924624777474,0.9997798326728313,1.0,A,S3F3_0
