F1v,N1,N2,N3,LSC,T1,T2,T3,T4,C1,C2,L1,L2,L3,N4,density,clustering_coefficient,hubs,att_value,att,dataset
0.06055308489967777,0.28083989501312334,0.014396580245411577,0.19119725418938016,0.9803534610356531,0.25075711689884916,0.0004037956793862306,0.0004037956793862306,1.0,0.1805853704721968,0.3867199617109014,0.8646946997890642,0.13365636987684232,0.8366646476882698,0.7825560266505148,0.8090052959858208,0.03503948014105107,0.9997981021603068,0.0,A,S2F3_0
0.07895353081612394,0.19264641127256715,0.006663000828962456,0.12989872302950245,0.9329753360242027,0.17239101717305153,0.00044033465433729633,0.00044033465433729633,1.0,0.33835180388557284,0.6024183655302429,0.8750118178654331,0.09533245266402465,0.7800528401585205,0.7837956847203875,0.8330994934260586,0.1180924624777474,0.9997798326728313,1.0,A,S2F3_0
