F1v,N1,N2,N3,LSC,T1,T2,T3,T4,C1,C2,L1,L2,L3,N4,density,clustering_coefficient,hubs,att_value,att,dataset
0.061184418019330555,0.4110640016151827,0.035080516439474844,0.2727639814253987,0.9950755759499684,0.3648293963254593,0.0004037956793862306,0.0004037956793862306,1.0,0.015084759858477459,0.04082706868395125,0.7906104508523142,0.2097718554411468,0.8378760347264285,0.7306682818493843,0.8357076714981896,0.024113502592342462,0.9997981021603068,0.0,A,S4B2_0
0.04078198454742129,0.3273231622746186,0.0490272260830291,0.2161680206063008,0.9939181167993715,0.29542302357836336,0.00039627501486031304,0.00039627501486031304,1.0,0.09801318110714319,0.23441503867903835,0.8115386557766127,0.15197146819893007,0.8234594808797305,0.7737269665147612,0.5538749861488297,0.007515748147319146,0.9998018624925699,1.0,A,S4B2_0
