F1v,N1,N2,N3,LSC,T1,T2,T3,T4,C1,C2,L1,L2,L3,N4,density,clustering_coefficient,hubs,att_value,att,dataset
0.057975497140427594,0.295982232990107,0.019664733471741084,0.2016959418534222,0.9863606249237482,0.26751463759337774,0.0004037956793862306,0.0004037956793862306,1.0,0.007042604852790069,0.01930627059588641,0.8411762163863029,0.14092469210579447,0.9152029073288915,0.8380779325661215,0.8366565750363595,0.0210231061804822,0.9997981021603068,0.0,A,S3D0_0
0.0600988853236248,0.30202140309155767,0.04313229512386544,0.2041220768925882,0.9838701543893681,0.2671422909235038,0.0007927070947284979,0.0007927070947284979,1.0,0.009884346208429484,0.026973815329557782,0.8296152685669368,0.1549742370194213,0.8913991280221958,0.8240190249702735,0.8360663369803091,0.009946132956774378,0.999603489294211,1.0,A,S3D0_0
