F1v,N1,N2,N3,LSC,T1,T2,T3,T4,C1,C2,L1,L2,L3,N4,density,clustering_coefficient,hubs,att_value,att,dataset
0.05890994765235165,0.3143549364021805,0.016266759294462793,0.20472440944881887,0.984535595632664,0.27942661013527154,0.0004037956793862306,0.0004037956793862306,1.0,0.021501721317424338,0.05760999544810652,0.8401995706335879,0.15001009489198466,0.903694730466384,0.8136482939632546,0.8366882133084924,0.026998118510279112,0.9997981021603068,0.0,A,S3F1_1
0.18146147713883914,0.33748584371460927,0.027485717696542233,0.2222536806342016,0.9885378176426755,0.29586636466591165,0.0005662514156285391,0.0005662514156285391,1.0,0.18205984972786715,0.389147198735596,0.800112059611217,0.1690260475651189,0.7590600226500567,0.7140430351075878,0.8675444766351933,0.14189870135896887,0.9997168742921857,1.0,A,S3F1_1
